Entity,Code,Year,"PM2.5 air pollution, mean annual exposure (micrograms per cubic meter)"
Afghanistan,AFG,1990,65.4867935180664
Afghanistan,AFG,1995,65.17951202392580
Afghanistan,AFG,2000,64.9224624633789
Afghanistan,AFG,2005,64.5226821899414
Afghanistan,AFG,2010,65.24559020996090
Afghanistan,AFG,2011,66.83572387695310
Afghanistan,AFG,2012,66.0231704711914
Afghanistan,AFG,2013,61.36674499511720
Afghanistan,AFG,2014,59.01033020019530
Afghanistan,AFG,2015,61.252655029296900
Afghanistan,AFG,2016,56.28704833984380
Afghanistan,AFG,2017,56.91080856323240
Albania,ALB,1990,22.718664169311500
Albania,ALB,1995,22.029218673706100
Albania,ALB,2000,21.998249053955100
Albania,ALB,2005,21.575258255004900
Albania,ALB,2010,21.277828216552700
Albania,ALB,2011,22.772537231445300
Albania,ALB,2012,20.578258514404300
Albania,ALB,2013,19.93851661682130
Albania,ALB,2014,18.883955001831100
Albania,ALB,2015,19.51253890991210
Albania,ALB,2016,18.18993377685550
Albania,ALB,2017,18.20060157775880
Algeria,DZA,1990,36.93025588989260
Algeria,DZA,1995,36.45658493041990
Algeria,DZA,2000,37.536048889160200
Algeria,DZA,2005,35.85882568359380
Algeria,DZA,2010,33.63581848144530
Algeria,DZA,2011,33.834049224853500
Algeria,DZA,2012,33.366825103759800
Algeria,DZA,2013,34.24532699584960
Algeria,DZA,2014,35.56391906738280
Algeria,DZA,2015,36.08916473388670
Algeria,DZA,2016,39.853275299072300
Algeria,DZA,2017,38.884010314941400
American Samoa,ASM,1990,12.479083061218300
American Samoa,ASM,1995,12.479083061218300
American Samoa,ASM,2000,15.214668273925800
American Samoa,ASM,2005,15.237841606140100
American Samoa,ASM,2010,15.072721481323200
American Samoa,ASM,2011,15.390642166137700
American Samoa,ASM,2012,14.34415054321290
American Samoa,ASM,2013,14.127225875854500
American Samoa,ASM,2014,13.316991806030300
American Samoa,ASM,2015,13.019390106201200
American Samoa,ASM,2016,12.382729530334500
American Samoa,ASM,2017,12.473820686340300
Andorra,AND,1990,14.118741989135700
Andorra,AND,1995,13.936866760253900
Andorra,AND,2000,12.594015121460000
Andorra,AND,2005,12.96137809753420
Andorra,AND,2010,12.807197570800800
Andorra,AND,2011,13.273505210876500
Andorra,AND,2012,12.407052993774400
Andorra,AND,2013,11.81367301940920
Andorra,AND,2014,10.830418586731000
Andorra,AND,2015,11.462178230285600
Andorra,AND,2016,10.255834579467800
Andorra,AND,2017,10.307621002197300
Angola,AGO,1990,36.448116302490200
Angola,AGO,1995,35.602909088134800
Angola,AGO,2000,36.18296813964840
Angola,AGO,2005,34.962913513183600
Angola,AGO,2010,33.78724670410160
Angola,AGO,2011,33.10419464111330
Angola,AGO,2012,33.415496826171900
Angola,AGO,2013,34.66392135620120
Angola,AGO,2014,32.97402572631840
Angola,AGO,2015,32.72987365722660
Angola,AGO,2016,31.785388946533200
Angola,AGO,2017,32.38850402832030
Antigua and Barbuda,ATG,1990,22.4085636138916
Antigua and Barbuda,ATG,1995,22.451595306396500
Antigua and Barbuda,ATG,2000,21.976118087768600
Antigua and Barbuda,ATG,2005,22.134328842163100
Antigua and Barbuda,ATG,2010,22.52887535095220
Antigua and Barbuda,ATG,2011,23.14786148071290
Antigua and Barbuda,ATG,2012,21.471050262451200
Antigua and Barbuda,ATG,2013,20.73538589477540
Antigua and Barbuda,ATG,2014,19.725584030151400
Antigua and Barbuda,ATG,2015,19.696388244628900
Antigua and Barbuda,ATG,2016,18.46092987060550
Antigua and Barbuda,ATG,2017,18.622343063354500
Argentina,ARG,1990,16.220529556274400
Argentina,ARG,1995,16.846065521240200
Argentina,ARG,2000,16.780948638916000
Argentina,ARG,2005,16.403085708618200
Argentina,ARG,2010,16.859100341796900
Argentina,ARG,2011,17.38298225402830
Argentina,ARG,2012,16.135072708129900
Argentina,ARG,2013,15.59737491607670
Argentina,ARG,2014,14.46697998046880
Argentina,ARG,2015,14.63162612915040
Argentina,ARG,2016,13.751443862915000
Argentina,ARG,2017,13.311834335327100
Armenia,ARM,1990,36.860721588134800
Armenia,ARM,1995,35.120941162109400
Armenia,ARM,2000,36.79644775390630
Armenia,ARM,2005,37.068729400634800
Armenia,ARM,2010,37.5300407409668
Armenia,ARM,2011,38.612274169921900
Armenia,ARM,2012,37.184486389160200
Armenia,ARM,2013,34.93721389770510
Armenia,ARM,2014,33.0859489440918
Armenia,ARM,2015,34.881431579589800
Armenia,ARM,2016,32.227169036865200
Armenia,ARM,2017,32.52811813354490
Australia,AUS,1990,10.41185474395750
Australia,AUS,1995,10.426396369934100
Australia,AUS,2000,10.84372329711910
Australia,AUS,2005,10.59713363647460
Australia,AUS,2010,10.618879318237300
Australia,AUS,2011,11.04726505279540
Australia,AUS,2012,10.537090301513700
Australia,AUS,2013,9.98768424987793
Australia,AUS,2014,9.492979049682620
Australia,AUS,2015,9.320014953613280
Australia,AUS,2016,8.614508628845220
Australia,AUS,2017,8.550324440002440
Austria,AUT,1990,16.866687774658200
Austria,AUT,1995,15.70612621307370
Austria,AUT,2000,15.355362892150900
Austria,AUT,2005,15.592062950134300
Austria,AUT,2010,15.149140357971200
Austria,AUT,2011,15.573370933532700
Austria,AUT,2012,14.282332420349100
Austria,AUT,2013,14.081613540649400
Austria,AUT,2014,13.379227638244600
Austria,AUT,2015,13.541094779968300
Austria,AUT,2016,12.596816062927200
Austria,AUT,2017,12.47796630859380
Azerbaijan,AZE,1990,23.942914962768600
Azerbaijan,AZE,1995,23.391427993774400
Azerbaijan,AZE,2000,22.88077163696290
Azerbaijan,AZE,2005,22.865705490112300
Azerbaijan,AZE,2010,23.0476016998291
Azerbaijan,AZE,2011,23.62986946105960
Azerbaijan,AZE,2012,22.180810928344700
Azerbaijan,AZE,2013,22.278779983520500
Azerbaijan,AZE,2014,20.710067749023400
Azerbaijan,AZE,2015,21.41412353515630
Azerbaijan,AZE,2016,20.20815658569340
Azerbaijan,AZE,2017,19.92866325378420
Bahamas,BHS,1990,21.01992416381840
Bahamas,BHS,1995,21.2866268157959
Bahamas,BHS,2000,21.318201065063500
Bahamas,BHS,2005,21.066356658935500
Bahamas,BHS,2010,21.11051368713380
Bahamas,BHS,2011,21.774425506591800
Bahamas,BHS,2012,20.317075729370100
Bahamas,BHS,2013,19.909400939941400
Bahamas,BHS,2014,18.495332717895500
Bahamas,BHS,2015,18.886306762695300
Bahamas,BHS,2016,17.651321411132800
Bahamas,BHS,2017,17.367719650268600
Bahrain,BHR,1990,68.15876007080080
Bahrain,BHR,1995,68.12335205078130
Bahrain,BHR,2000,67.9577865600586
Bahrain,BHR,2005,64.58727264404300
Bahrain,BHR,2010,65.6308822631836
Bahrain,BHR,2011,63.73249816894530
Bahrain,BHR,2012,70.28748321533200
Bahrain,BHR,2013,67.794677734375
Bahrain,BHR,2014,62.758544921875
Bahrain,BHR,2015,72.60467529296880
Bahrain,BHR,2016,69.86418151855470
Bahrain,BHR,2017,70.81620788574220
Bangladesh,BGD,1990,61.59563064575200
Bangladesh,BGD,1995,61.80314254760740
Bangladesh,BGD,2000,63.03634262084960
Bangladesh,BGD,2005,68.87354278564450
Bangladesh,BGD,2010,70.76499938964840
Bangladesh,BGD,2011,70.2105484008789
Bangladesh,BGD,2012,70.79390716552730
Bangladesh,BGD,2013,65.64508056640630
Bangladesh,BGD,2014,68.39537811279300
Bangladesh,BGD,2015,66.96575164794920
Bangladesh,BGD,2016,60.12627410888670
Bangladesh,BGD,2017,60.84578323364260
Barbados,BRB,1990,28.212522506713900
Barbados,BRB,1995,28.245882034301800
Barbados,BRB,2000,28.479455947876000
Barbados,BRB,2005,28.48280143737790
Barbados,BRB,2010,28.216814041137700
Barbados,BRB,2011,29.303489685058600
Barbados,BRB,2012,27.03352928161620
Barbados,BRB,2013,26.2302303314209
Barbados,BRB,2014,25.183013916015600
Barbados,BRB,2015,24.686241149902300
Barbados,BRB,2016,23.459199905395500
Barbados,BRB,2017,23.080175399780300
Belarus,BLR,1990,24.585847854614300
Belarus,BLR,1995,22.65688705444340
Belarus,BLR,2000,22.650266647338900
Belarus,BLR,2005,22.87190055847170
Belarus,BLR,2010,23.31941032409670
Belarus,BLR,2011,22.91114616394040
Belarus,BLR,2012,21.646371841430700
Belarus,BLR,2013,20.5904598236084
Belarus,BLR,2014,19.766054153442400
Belarus,BLR,2015,20.076276779174800
Belarus,BLR,2016,18.878238677978500
Belarus,BLR,2017,18.765579223632800
Belgium,BEL,1990,17.587495803833000
Belgium,BEL,1995,16.496065139770500
Belgium,BEL,2000,15.662450790405300
Belgium,BEL,2005,15.436351776123000
Belgium,BEL,2010,16.009319305419900
Belgium,BEL,2011,15.698442459106400
Belgium,BEL,2012,14.741893768310500
Belgium,BEL,2013,14.022669792175300
Belgium,BEL,2014,13.233621597290000
Belgium,BEL,2015,13.566522598266600
Belgium,BEL,2016,12.833087921142600
Belgium,BEL,2017,12.886518478393600
Belize,BLZ,1990,27.42980194091800
Belize,BLZ,1995,27.125192642211900
Belize,BLZ,2000,27.841440200805700
Belize,BLZ,2005,28.292579650878900
Belize,BLZ,2010,28.273054122924800
Belize,BLZ,2011,28.800445556640600
Belize,BLZ,2012,27.409122467041000
Belize,BLZ,2013,27.284439086914100
Belize,BLZ,2014,24.4211483001709
Belize,BLZ,2015,25.216825485229500
Belize,BLZ,2016,23.065683364868200
Belize,BLZ,2017,23.011892318725600
Benin,BEN,1990,40.22013473510740
Benin,BEN,1995,38.07847213745120
Benin,BEN,2000,39.77629470825200
Benin,BEN,2005,34.32880783081060
Benin,BEN,2010,32.39297103881840
Benin,BEN,2011,32.58084487915040
Benin,BEN,2012,31.992000579834000
Benin,BEN,2013,31.44329833984380
Benin,BEN,2014,29.66045570373540
Benin,BEN,2015,40.47068405151370
Benin,BEN,2016,38.44770431518560
Benin,BEN,2017,38.99995803833010
Bermuda,BMU,1990,11.749759674072300
Bermuda,BMU,1995,11.691011428833000
Bermuda,BMU,2000,14.805442810058600
Bermuda,BMU,2005,14.77558708190920
Bermuda,BMU,2010,14.647381782531700
Bermuda,BMU,2011,14.84311294555660
Bermuda,BMU,2012,13.979083061218300
Bermuda,BMU,2013,13.478851318359400
Bermuda,BMU,2014,12.806414604187000
Bermuda,BMU,2015,12.417961120605500
Bermuda,BMU,2016,11.659943580627400
Bermuda,BMU,2017,11.64635944366460
Bhutan,BTN,1990,40.205970764160200
Bhutan,BTN,1995,40.0750732421875
Bhutan,BTN,2000,39.74958038330080
Bhutan,BTN,2005,43.01963424682620
Bhutan,BTN,2010,43.961883544921900
Bhutan,BTN,2011,43.07170486450200
Bhutan,BTN,2012,42.932273864746100
Bhutan,BTN,2013,41.88190841674810
Bhutan,BTN,2014,40.83967208862310
Bhutan,BTN,2015,39.81863784790040
Bhutan,BTN,2016,37.224365234375
Bhutan,BTN,2017,37.9265022277832
Bolivia,BOL,1990,23.952678680419900
Bolivia,BOL,1995,24.67257308959960
Bolivia,BOL,2000,26.25444221496580
Bolivia,BOL,2005,29.39564323425290
Bolivia,BOL,2010,29.57280921936040
Bolivia,BOL,2011,27.904205322265600
Bolivia,BOL,2012,26.390243530273400
Bolivia,BOL,2013,26.090469360351600
Bolivia,BOL,2014,24.818828582763700
Bolivia,BOL,2015,22.47640037536620
Bolivia,BOL,2016,21.38660430908200
Bolivia,BOL,2017,21.568986892700200
Bosnia and Herzegovina,BIH,1990,30.352558135986300
Bosnia and Herzegovina,BIH,1995,29.33961296081540
Bosnia and Herzegovina,BIH,2000,33.17226028442380
Bosnia and Herzegovina,BIH,2005,33.77212142944340
Bosnia and Herzegovina,BIH,2010,32.30015563964840
Bosnia and Herzegovina,BIH,2011,34.19186782836910
Bosnia and Herzegovina,BIH,2012,31.77326011657720
Bosnia and Herzegovina,BIH,2013,30.446229934692400
Bosnia and Herzegovina,BIH,2014,28.777324676513700
Bosnia and Herzegovina,BIH,2015,29.622838973999000
Bosnia and Herzegovina,BIH,2016,27.594467163085900
Bosnia and Herzegovina,BIH,2017,27.747669219970700
Botswana,BWA,1990,25.4354305267334
Botswana,BWA,1995,24.986309051513700
Botswana,BWA,2000,25.30182456970220
Botswana,BWA,2005,25.073726654052700
Botswana,BWA,2010,25.724720001220700
Botswana,BWA,2011,24.59211540222170
Botswana,BWA,2012,24.85403823852540
Botswana,BWA,2013,24.87425994873050
Botswana,BWA,2014,24.151277542114300
Botswana,BWA,2015,24.330257415771500
Botswana,BWA,2016,23.631267547607400
Botswana,BWA,2017,23.09438705444340
Brazil,BRA,1990,15.143861770629900
Brazil,BRA,1995,15.412857055664100
Brazil,BRA,2000,15.773481369018600
Brazil,BRA,2005,15.595925331115700
Brazil,BRA,2010,15.95528507232670
Brazil,BRA,2011,15.912797927856400
Brazil,BRA,2012,15.285455703735400
Brazil,BRA,2013,14.60990047454830
Brazil,BRA,2014,13.989934921264600
Brazil,BRA,2015,13.594655990600600
Brazil,BRA,2016,12.658676147460900
Brazil,BRA,2017,12.706629753112800
Brunei,BRN,1990,6.732298374176030
Brunei,BRN,1995,6.839568138122560
Brunei,BRN,2000,6.8845133781433100
Brunei,BRN,2005,7.244391918182370
Brunei,BRN,2010,7.417004585266110
Brunei,BRN,2011,7.36618709564209
Brunei,BRN,2012,7.570822715759280
Brunei,BRN,2013,6.709489822387700
Brunei,BRN,2014,6.180830001831060
Brunei,BRN,2015,6.484179973602300
Brunei,BRN,2016,5.927599906921390
Brunei,BRN,2017,5.9030656814575200
Bulgaria,BGR,1990,27.55988121032720
Bulgaria,BGR,1995,25.492809295654300
Bulgaria,BGR,2000,24.08980941772460
Bulgaria,BGR,2005,23.26729965209960
Bulgaria,BGR,2010,22.756195068359400
Bulgaria,BGR,2011,24.30032730102540
Bulgaria,BGR,2012,22.644655227661100
Bulgaria,BGR,2013,20.999637603759800
Bulgaria,BGR,2014,20.74357032775880
Bulgaria,BGR,2015,20.77642822265630
Bulgaria,BGR,2016,19.28301239013670
Bulgaria,BGR,2017,19.149131774902300
Burkina Faso,BFA,1990,46.0146598815918
Burkina Faso,BFA,1995,45.10893249511720
Burkina Faso,BFA,2000,44.88311004638670
Burkina Faso,BFA,2005,39.335113525390600
Burkina Faso,BFA,2010,37.491329193115200
Burkina Faso,BFA,2011,37.281375885009800
Burkina Faso,BFA,2012,38.78415298461910
Burkina Faso,BFA,2013,33.287200927734400
Burkina Faso,BFA,2014,33.969093322753900
Burkina Faso,BFA,2015,46.56216812133790
Burkina Faso,BFA,2016,41.5372428894043
Burkina Faso,BFA,2017,42.93559265136720
Burundi,BDI,1990,41.2488899230957
Burundi,BDI,1995,40.00953674316410
Burundi,BDI,2000,40.955780029296900
Burundi,BDI,2005,40.14781188964840
Burundi,BDI,2010,38.381168365478500
Burundi,BDI,2011,38.23619079589840
Burundi,BDI,2012,41.011329650878900
Burundi,BDI,2013,39.971073150634800
Burundi,BDI,2014,39.38755798339840
Burundi,BDI,2015,38.43088150024410
Burundi,BDI,2016,38.65322494506840
Burundi,BDI,2017,38.89626693725590
Cambodia,KHM,1990,29.477596282959000
Cambodia,KHM,1995,30.06684112548830
Cambodia,KHM,2000,29.97403335571290
Cambodia,KHM,2005,31.408935546875
Cambodia,KHM,2010,31.343135833740200
Cambodia,KHM,2011,30.91962432861330
Cambodia,KHM,2012,31.283733367919900
Cambodia,KHM,2013,30.336528778076200
Cambodia,KHM,2014,28.58336639404300
Cambodia,KHM,2015,26.76923942565920
Cambodia,KHM,2016,25.2028751373291
Cambodia,KHM,2017,25.61429214477540
Cameroon,CMR,1990,75.00667572021480
Cameroon,CMR,1995,72.57501220703130
Cameroon,CMR,2000,70.82948303222660
Cameroon,CMR,2005,63.45308303833010
Cameroon,CMR,2010,59.29340362548830
Cameroon,CMR,2011,58.076900482177700
Cameroon,CMR,2012,62.776695251464800
Cameroon,CMR,2013,58.186336517334000
Cameroon,CMR,2014,56.71530532836910
Cameroon,CMR,2015,77.05174255371090
Cameroon,CMR,2016,73.20529174804690
Cameroon,CMR,2017,72.79309844970700
Canada,CAN,1990,8.225863456726070
Canada,CAN,1995,8.103930473327640
Canada,CAN,2000,8.280983924865720
Canada,CAN,2005,8.495469093322750
Canada,CAN,2010,8.3844575881958
Canada,CAN,2011,8.62446117401123
Canada,CAN,2012,8.107410430908200
Canada,CAN,2013,7.791635990142820
Canada,CAN,2014,7.428420066833500
Canada,CAN,2015,7.15158224105835
Canada,CAN,2016,6.549074649810790
Canada,CAN,2017,6.4283833503723100
Cape Verde,CPV,1990,36.13872528076170
Cape Verde,CPV,1995,36.3646125793457
Cape Verde,CPV,2000,36.62812423706060
Cape Verde,CPV,2005,30.262409210205100
Cape Verde,CPV,2010,27.5964412689209
Cape Verde,CPV,2011,31.64177894592290
Cape Verde,CPV,2012,32.94099426269530
Cape Verde,CPV,2013,32.08584213256840
Cape Verde,CPV,2014,31.62108039855960
Cape Verde,CPV,2015,38.63361358642580
Cape Verde,CPV,2016,33.392330169677700
Cape Verde,CPV,2017,34.77870178222660
Central African Republic,CAF,1990,53.28715515136720
Central African Republic,CAF,1995,53.40425491333010
Central African Republic,CAF,2000,51.5721435546875
Central African Republic,CAF,2005,52.89663314819340
Central African Republic,CAF,2010,51.533321380615200
Central African Republic,CAF,2011,51.229530334472700
Central African Republic,CAF,2012,53.35883331298830
Central African Republic,CAF,2013,50.87491226196290
Central African Republic,CAF,2014,49.35636520385740
Central African Republic,CAF,2015,58.32609939575200
Central African Republic,CAF,2016,56.98542404174810
Central African Republic,CAF,2017,56.82849884033200
Chad,TCD,1990,65.72098541259770
Chad,TCD,1995,68.90049743652340
Chad,TCD,2000,65.97160339355470
Chad,TCD,2005,58.20089340209960
Chad,TCD,2010,56.58662796020510
Chad,TCD,2011,55.195159912109400
Chad,TCD,2012,58.67538833618160
Chad,TCD,2013,53.0564079284668
Chad,TCD,2014,51.247169494628900
Chad,TCD,2015,68.6823959350586
Chad,TCD,2016,64.77076721191410
Chad,TCD,2017,66.02920532226560
Chile,CHL,1990,24.676055908203100
Chile,CHL,1995,24.943241119384800
Chile,CHL,2000,26.168594360351600
Chile,CHL,2005,25.52731704711910
Chile,CHL,2010,25.892292022705100
Chile,CHL,2011,27.245866775512700
Chile,CHL,2012,25.047155380249000
Chile,CHL,2013,23.93669319152830
Chile,CHL,2014,22.86825180053710
Chile,CHL,2015,22.569791793823200
Chile,CHL,2016,20.87687110900880
Chile,CHL,2017,21.036298751831100
China,CHN,1990,57.76500701904300
China,CHN,1995,58.660160064697300
China,CHN,2000,60.704837799072300
China,CHN,2005,66.17450714111330
China,CHN,2010,69.47956848144530
China,CHN,2011,70.54203033447270
China,CHN,2012,63.82701873779300
China,CHN,2013,65.5145492553711
China,CHN,2014,59.76736831665040
China,CHN,2015,59.06342315673830
China,CHN,2016,52.21132278442380
China,CHN,2017,52.66459655761720
Colombia,COL,1990,20.383516311645500
Colombia,COL,1995,20.01323699951170
Colombia,COL,2000,20.05341911315920
Colombia,COL,2005,21.284774780273400
Colombia,COL,2010,21.497844696044900
Colombia,COL,2011,21.367778778076200
Colombia,COL,2012,20.536636352539100
Colombia,COL,2013,19.22334861755370
Colombia,COL,2014,18.344205856323200
Colombia,COL,2015,17.300283432006800
Colombia,COL,2016,16.58060073852540
Colombia,COL,2017,16.527210235595700
Comoros,COM,1990,21.753992080688500
Comoros,COM,1995,21.077423095703100
Comoros,COM,2000,21.544055938720700
Comoros,COM,2005,21.243206024169900
Comoros,COM,2010,20.666357040405300
Comoros,COM,2011,21.020160675048800
Comoros,COM,2012,21.252628326416000
Comoros,COM,2013,21.047962188720700
Comoros,COM,2014,21.502071380615200
Comoros,COM,2015,20.715557098388700
Comoros,COM,2016,20.48272705078130
Comoros,COM,2017,20.546825408935500
Congo,COG,1990,46.68716049194340
Congo,COG,1995,42.66256332397460
Congo,COG,2000,43.598785400390600
Congo,COG,2005,42.68905258178710
Congo,COG,2010,42.009090423584000
Congo,COG,2011,44.15559387207030
Congo,COG,2012,43.489986419677700
Congo,COG,2013,46.12663650512700
Congo,COG,2014,45.85281753540040
Congo,COG,2015,44.1476936340332
Congo,COG,2016,45.71104049682620
Congo,COG,2017,46.638221740722700
Costa Rica,CRI,1990,18.30876350402830
Costa Rica,CRI,1995,18.5616397857666
Costa Rica,CRI,2000,19.41210174560550
Costa Rica,CRI,2005,19.657306671142600
Costa Rica,CRI,2010,19.272953033447300
Costa Rica,CRI,2011,19.702133178710900
Costa Rica,CRI,2012,19.335126876831100
Costa Rica,CRI,2013,18.341516494751000
Costa Rica,CRI,2014,17.54363441467290
Costa Rica,CRI,2015,16.879289627075200
Costa Rica,CRI,2016,15.65581226348880
Costa Rica,CRI,2017,15.725920677185100
Cote d'Ivoire,CIV,1990,25.873201370239300
Cote d'Ivoire,CIV,1995,24.85169219970700
Cote d'Ivoire,CIV,2000,25.263492584228500
Cote d'Ivoire,CIV,2005,21.828811645507800
Cote d'Ivoire,CIV,2010,21.617704391479500
Cote d'Ivoire,CIV,2011,22.59307289123540
Cote d'Ivoire,CIV,2012,22.494403839111300
Cote d'Ivoire,CIV,2013,21.305543899536100
Cote d'Ivoire,CIV,2014,20.900177001953100
Cote d'Ivoire,CIV,2015,27.6874942779541
Cote d'Ivoire,CIV,2016,26.67470359802250
Cote d'Ivoire,CIV,2017,25.886266708374000
Croatia,HRV,1990,21.938692092895500
Croatia,HRV,1995,20.925025939941400
Croatia,HRV,2000,21.51238441467290
Croatia,HRV,2005,22.12263298034670
Croatia,HRV,2010,21.334718704223600
Croatia,HRV,2011,21.96600341796880
Croatia,HRV,2012,20.202423095703100
Croatia,HRV,2013,19.58696174621580
Croatia,HRV,2014,18.433103561401400
Croatia,HRV,2015,19.206682205200200
Croatia,HRV,2016,17.789318084716800
Croatia,HRV,2017,17.901771545410200
Cuba,CUB,1990,23.79235076904300
Cuba,CUB,1995,24.25965118408200
Cuba,CUB,2000,24.137367248535200
Cuba,CUB,2005,24.009920120239300
Cuba,CUB,2010,23.933298110961900
Cuba,CUB,2011,24.78731918334960
Cuba,CUB,2012,23.239788055419900
Cuba,CUB,2013,22.85074234008790
Cuba,CUB,2014,21.296234130859400
Cuba,CUB,2015,20.864099502563500
Cuba,CUB,2016,19.73784065246580
Cuba,CUB,2017,19.70604705810550
Cyprus,CYP,1990,20.90657615661620
Cyprus,CYP,1995,20.517221450805700
Cyprus,CYP,2000,20.184993743896500
Cyprus,CYP,2005,19.71804428100590
Cyprus,CYP,2010,20.081865310668900
Cyprus,CYP,2011,20.09096336364750
Cyprus,CYP,2012,19.224843978881800
Cyprus,CYP,2013,18.684545516967800
Cyprus,CYP,2014,18.293527603149400
Cyprus,CYP,2015,19.101346969604500
Cyprus,CYP,2016,16.95802116394040
Cyprus,CYP,2017,17.29440689086910
Czechia,CZE,1990,24.40361785888670
Czechia,CZE,1995,22.1213321685791
Czechia,CZE,2000,20.43670654296880
Czechia,CZE,2005,19.946592330932600
Czechia,CZE,2010,20.676870346069300
Czechia,CZE,2011,20.081247329711900
Czechia,CZE,2012,18.743175506591800
Czechia,CZE,2013,17.996286392211900
Czechia,CZE,2014,17.391216278076200
Czechia,CZE,2015,17.416452407836900
Czechia,CZE,2016,16.100584030151400
Czechia,CZE,2017,16.071245193481400
Democratic Republic of Congo,COD,1990,43.23313522338870
Democratic Republic of Congo,COD,1995,43.483036041259800
Democratic Republic of Congo,COD,2000,44.76174545288090
Democratic Republic of Congo,COD,2005,42.04343795776370
Democratic Republic of Congo,COD,2010,41.398040771484400
Democratic Republic of Congo,COD,2011,41.4932861328125
Democratic Republic of Congo,COD,2012,43.03676986694340
Democratic Republic of Congo,COD,2013,44.49576187133790
Democratic Republic of Congo,COD,2014,42.54944610595700
Democratic Republic of Congo,COD,2015,44.93118667602540
Democratic Republic of Congo,COD,2016,45.4995002746582
Democratic Republic of Congo,COD,2017,44.909263610839800
Denmark,DNK,1990,13.25493049621580
Denmark,DNK,1995,12.667547225952100
Denmark,DNK,2000,12.416939735412600
Denmark,DNK,2005,12.078428268432600
Denmark,DNK,2010,11.929147720336900
Denmark,DNK,2011,12.662331581115700
Denmark,DNK,2012,11.115525245666500
Denmark,DNK,2013,10.820279121398900
Denmark,DNK,2014,11.066704750061000
Denmark,DNK,2015,10.657285690307600
Denmark,DNK,2016,10.095972061157200
Denmark,DNK,2017,10.029653549194300
Djibouti,DJI,1990,40.877166748046900
Djibouti,DJI,1995,41.22401428222660
Djibouti,DJI,2000,40.98011016845700
Djibouti,DJI,2005,39.17293930053710
Djibouti,DJI,2010,38.240867614746100
Djibouti,DJI,2011,40.441837310791000
Djibouti,DJI,2012,39.94282150268560
Djibouti,DJI,2013,40.1037712097168
Djibouti,DJI,2014,41.259727478027300
Djibouti,DJI,2015,45.950809478759800
Djibouti,DJI,2016,45.868873596191400
Djibouti,DJI,2017,45.549617767334000
Dominica,DMA,1990,23.341428756713900
Dominica,DMA,1995,22.865650177002000
Dominica,DMA,2000,22.955415725708000
Dominica,DMA,2005,23.562835693359400
Dominica,DMA,2010,23.740745544433600
Dominica,DMA,2011,24.276123046875
Dominica,DMA,2012,22.21579933166500
Dominica,DMA,2013,22.15106773376470
Dominica,DMA,2014,21.01030731201170
Dominica,DMA,2015,20.68878936767580
Dominica,DMA,2016,19.988147735595700
Dominica,DMA,2017,19.493154525756800
Dominican Republic,DOM,1990,15.444073677063000
Dominican Republic,DOM,1995,15.739140510559100
Dominican Republic,DOM,2000,16.453149795532200
Dominican Republic,DOM,2005,16.585445404052700
Dominican Republic,DOM,2010,16.874465942382800
Dominican Republic,DOM,2011,17.299779891967800
Dominican Republic,DOM,2012,16.15283966064450
Dominican Republic,DOM,2013,15.396950721740700
Dominican Republic,DOM,2014,14.188074111938500
Dominican Republic,DOM,2015,14.858221054077100
Dominican Republic,DOM,2016,13.690227508544900
Dominican Republic,DOM,2017,13.72632122039800
East Asia and Pacific,,1990,44.91630554199220
East Asia and Pacific,,1995,45.44395065307620
East Asia and Pacific,,2000,46.58545684814450
East Asia and Pacific,,2005,50.1450309753418
East Asia and Pacific,,2010,51.912010192871100
East Asia and Pacific,,2011,52.42434310913090
East Asia and Pacific,,2012,48.0814323425293
East Asia and Pacific,,2013,48.87065887451170
East Asia and Pacific,,2014,44.89937973022460
East Asia and Pacific,,2015,44.27488327026370
East Asia and Pacific,,2016,39.57075500488280
East Asia and Pacific,,2017,39.80504608154300
Ecuador,ECU,1990,18.4244327545166
Ecuador,ECU,1995,18.485010147094700
Ecuador,ECU,2000,18.700265884399400
Ecuador,ECU,2005,19.914669036865200
Ecuador,ECU,2010,19.979188919067400
Ecuador,ECU,2011,19.32199478149410
Ecuador,ECU,2012,19.557710647583000
Ecuador,ECU,2013,18.118608474731400
Ecuador,ECU,2014,16.234188079834000
Ecuador,ECU,2015,15.699707984924300
Ecuador,ECU,2016,14.98157787323000
Ecuador,ECU,2017,14.886100769043000
Egypt,EGY,1990,75.47526550292970
Egypt,EGY,1995,72.33836364746090
Egypt,EGY,2000,73.26432037353520
Egypt,EGY,2005,74.03844451904300
Egypt,EGY,2010,77.44661712646480
Egypt,EGY,2011,70.7863540649414
Egypt,EGY,2012,72.79056549072270
Egypt,EGY,2013,76.21365356445310
Egypt,EGY,2014,76.55960083007810
Egypt,EGY,2015,88.21338653564450
Egypt,EGY,2016,88.14849853515630
Egypt,EGY,2017,86.99945068359380
El Salvador,SLV,1990,31.12621307373050
El Salvador,SLV,1995,31.819589614868200
El Salvador,SLV,2000,31.852596282959000
El Salvador,SLV,2005,31.97286605834960
El Salvador,SLV,2010,30.46194076538090
El Salvador,SLV,2011,33.628265380859400
El Salvador,SLV,2012,30.933975219726600
El Salvador,SLV,2013,30.7598819732666
El Salvador,SLV,2014,27.50259017944340
El Salvador,SLV,2015,26.4747314453125
El Salvador,SLV,2016,24.736486434936500
El Salvador,SLV,2017,24.472291946411100
Equatorial Guinea,GNQ,1990,51.36949920654300
Equatorial Guinea,GNQ,1995,52.100807189941400
Equatorial Guinea,GNQ,2000,51.73966979980470
Equatorial Guinea,GNQ,2005,45.583953857421900
Equatorial Guinea,GNQ,2010,46.186485290527300
Equatorial Guinea,GNQ,2011,46.85258865356450
Equatorial Guinea,GNQ,2012,45.23237228393560
Equatorial Guinea,GNQ,2013,43.62579345703130
Equatorial Guinea,GNQ,2014,44.30179977416990
Equatorial Guinea,GNQ,2015,52.634368896484400
Equatorial Guinea,GNQ,2016,54.509029388427700
Equatorial Guinea,GNQ,2017,53.24061965942380
Eritrea,ERI,1990,46.92133331298830
Eritrea,ERI,1995,46.34363555908200
Eritrea,ERI,2000,46.372928619384800
Eritrea,ERI,2005,47.11026382446290
Eritrea,ERI,2010,45.22713851928710
Eritrea,ERI,2011,45.2574462890625
Eritrea,ERI,2012,46.133846282959000
Eritrea,ERI,2013,47.62781524658200
Eritrea,ERI,2014,44.37494659423830
Eritrea,ERI,2015,49.82891082763670
Eritrea,ERI,2016,48.670936584472700
Eritrea,ERI,2017,48.03019714355470
Estonia,EST,1990,9.05192756652832
Estonia,EST,1995,8.578045845031740
Estonia,EST,2000,8.227386474609380
Estonia,EST,2005,8.457242965698240
Estonia,EST,2010,8.519848823547360
Estonia,EST,2011,8.442559242248540
Estonia,EST,2012,7.810698509216310
Estonia,EST,2013,7.482813358306890
Estonia,EST,2014,7.705552577972410
Estonia,EST,2015,7.003727436065670
Estonia,EST,2016,6.821447849273680
Estonia,EST,2017,6.732123851776120
Eswatini,SWZ,1990,18.832181930542000
Eswatini,SWZ,1995,18.406869888305700
Eswatini,SWZ,2000,18.668550491333000
Eswatini,SWZ,2005,18.30488395690920
Eswatini,SWZ,2010,18.128192901611300
Eswatini,SWZ,2011,17.973312377929700
Eswatini,SWZ,2012,18.182331085205100
Eswatini,SWZ,2013,18.30780792236330
Eswatini,SWZ,2014,17.978776931762700
Eswatini,SWZ,2015,17.924808502197300
Eswatini,SWZ,2016,17.148548126220700
Eswatini,SWZ,2017,17.168787002563500
Ethiopia,ETH,1990,35.800750732421900
Ethiopia,ETH,1995,35.8358039855957
Ethiopia,ETH,2000,35.533966064453100
Ethiopia,ETH,2005,34.351009368896500
Ethiopia,ETH,2010,35.6341438293457
Ethiopia,ETH,2011,36.31794357299810
Ethiopia,ETH,2012,35.97384262084960
Ethiopia,ETH,2013,35.88420486450200
Ethiopia,ETH,2014,35.04359817504880
Ethiopia,ETH,2015,38.858604431152300
Ethiopia,ETH,2016,39.24503707885740
Ethiopia,ETH,2017,38.978736877441400
Europe and Central Asia,,1990,21.928678512573200
Europe and Central Asia,,1995,20.867273330688500
Europe and Central Asia,,2000,20.33548927307130
Europe and Central Asia,,2005,20.153846740722700
Europe and Central Asia,,2010,20.5834903717041
Europe and Central Asia,,2011,20.575298309326200
Europe and Central Asia,,2012,19.500659942627000
Europe and Central Asia,,2013,19.080154418945300
Europe and Central Asia,,2014,18.391639709472700
Europe and Central Asia,,2015,19.00069808959960
Europe and Central Asia,,2016,18.009960174560500
Europe and Central Asia,,2017,18.08347511291500
European Union,,1990,18.56616973876950
European Union,,1995,17.383892059326200
European Union,,2000,16.64126968383790
European Union,,2005,16.418832778930700
European Union,,2010,16.502214431762700
European Union,,2011,16.631208419799800
European Union,,2012,15.310091018676800
European Union,,2013,14.79927921295170
European Union,,2014,14.250036239624000
European Union,,2015,14.47106647491460
European Union,,2016,13.431675910949700
European Union,,2017,13.465907096862800
Fiji,FJI,1990,13.066792488098100
Fiji,FJI,1995,12.955780029296900
Fiji,FJI,2000,13.138453483581500
Fiji,FJI,2005,12.902495384216300
Fiji,FJI,2010,13.5338134765625
Fiji,FJI,2011,13.836461067199700
Fiji,FJI,2012,12.85205364227300
Fiji,FJI,2013,12.144618034362800
Fiji,FJI,2014,11.922892570495600
Fiji,FJI,2015,11.641944885253900
Fiji,FJI,2016,11.059343338012700
Fiji,FJI,2017,10.840160369873000
Finland,FIN,1990,7.412718296051030
Finland,FIN,1995,7.232851505279540
Finland,FIN,2000,7.093878746032720
Finland,FIN,2005,7.142454624176030
Finland,FIN,2010,7.19033145904541
Finland,FIN,2011,7.2836995124816900
Finland,FIN,2012,6.601133346557620
Finland,FIN,2013,6.278689384460450
Finland,FIN,2014,6.468639850616460
Finland,FIN,2015,6.063834190368650
Finland,FIN,2016,5.893757343292240
Finland,FIN,2017,5.861330986022950
France,FRA,1990,15.8496675491333
France,FRA,1995,15.273503303527800
France,FRA,2000,14.723017692565900
France,FRA,2005,14.704505920410200
France,FRA,2010,14.845621109008800
France,FRA,2011,14.878019332885700
France,FRA,2012,13.83475399017330
France,FRA,2013,13.594308853149400
France,FRA,2014,12.289703369140600
France,FRA,2015,12.745707511901900
France,FRA,2016,11.855184555053700
France,FRA,2017,11.814963340759300
Gabon,GAB,1990,42.91521453857420
Gabon,GAB,1995,42.847320556640600
Gabon,GAB,2000,42.58917236328130
Gabon,GAB,2005,39.97835159301760
Gabon,GAB,2010,40.27758026123050
Gabon,GAB,2011,41.13028335571290
Gabon,GAB,2012,40.814090728759800
Gabon,GAB,2013,40.72566223144530
Gabon,GAB,2014,41.3195686340332
Gabon,GAB,2015,44.09590148925780
Gabon,GAB,2016,43.72065353393560
Gabon,GAB,2017,44.38554763793950
Gambia,GMB,1990,35.2938232421875
Gambia,GMB,1995,34.77638244628910
Gambia,GMB,2000,34.60087966918950
Gambia,GMB,2005,30.283668518066400
Gambia,GMB,2010,30.201263427734400
Gambia,GMB,2011,29.264923095703100
Gambia,GMB,2012,30.72906494140630
Gambia,GMB,2013,29.804672241210900
Gambia,GMB,2014,30.62189483642580
Gambia,GMB,2015,36.305381774902300
Gambia,GMB,2016,32.61530303955080
Gambia,GMB,2017,33.98263931274410
Georgia,GEO,1990,26.526485443115200
Georgia,GEO,1995,25.2730712890625
Georgia,GEO,2000,25.273801803588900
Georgia,GEO,2005,25.627283096313500
Georgia,GEO,2010,26.101238250732400
Georgia,GEO,2011,26.78360366821290
Georgia,GEO,2012,25.002849578857400
Georgia,GEO,2013,23.91020393371580
Georgia,GEO,2014,22.966707229614300
Georgia,GEO,2015,24.25264549255370
Georgia,GEO,2016,21.829635620117200
Georgia,GEO,2017,22.196054458618200
Germany,DEU,1990,17.016523361206100
Germany,DEU,1995,15.625370025634800
Germany,DEU,2000,14.903934478759800
Germany,DEU,2005,14.535208702087400
Germany,DEU,2010,15.189495086669900
Germany,DEU,2011,14.664228439331100
Germany,DEU,2012,13.577642440795900
Germany,DEU,2013,13.191919326782200
Germany,DEU,2014,12.751220703125
Germany,DEU,2015,12.82609748840330
Germany,DEU,2016,11.937810897827100
Germany,DEU,2017,12.028767585754400
Ghana,GHA,1990,35.59497833251950
Ghana,GHA,1995,34.7596549987793
Ghana,GHA,2000,35.03722381591800
Ghana,GHA,2005,26.806673049926800
Ghana,GHA,2010,27.368284225463900
Ghana,GHA,2011,28.211698532104500
Ghana,GHA,2012,28.89742660522460
Ghana,GHA,2013,27.815340042114300
Ghana,GHA,2014,25.889522552490200
Ghana,GHA,2015,34.68190002441410
Ghana,GHA,2016,36.252655029296900
Ghana,GHA,2017,34.7135124206543
Greece,GRC,1990,20.642969131469700
Greece,GRC,1995,19.82827377319340
Greece,GRC,2000,19.918607711792000
Greece,GRC,2005,19.308103561401400
Greece,GRC,2010,19.06108856201170
Greece,GRC,2011,20.001541137695300
Greece,GRC,2012,18.42076873779300
Greece,GRC,2013,17.779417037963900
Greece,GRC,2014,17.365041732788100
Greece,GRC,2015,17.740556716918900
Greece,GRC,2016,16.328920364379900
Greece,GRC,2017,16.218265533447300
Greenland,GRL,1990,15.076850891113300
Greenland,GRL,1995,15.157519340515100
Greenland,GRL,2000,13.957062721252400
Greenland,GRL,2005,13.768933296203600
Greenland,GRL,2010,13.922324180603000
Greenland,GRL,2011,14.09660530090330
Greenland,GRL,2012,13.40669059753420
Greenland,GRL,2013,12.757967948913600
Greenland,GRL,2014,12.510547637939500
Greenland,GRL,2015,11.762039184570300
Greenland,GRL,2016,11.572504997253400
Greenland,GRL,2017,11.602179527282700
Grenada,GRD,1990,27.733057022094700
Grenada,GRD,1995,27.73430633544920
Grenada,GRD,2000,27.482900619506800
Grenada,GRD,2005,27.77715492248540
Grenada,GRD,2010,27.47290802001950
Grenada,GRD,2011,28.139514923095700
Grenada,GRD,2012,26.468917846679700
Grenada,GRD,2013,25.847307205200200
Grenada,GRD,2014,24.287031173706100
Grenada,GRD,2015,24.162782669067400
Grenada,GRD,2016,22.888690948486300
Grenada,GRD,2017,22.722686767578100
Guam,GUM,1990,11.816009521484400
Guam,GUM,1995,11.812917709350600
Guam,GUM,2000,14.314162254333500
Guam,GUM,2005,13.80854320526120
Guam,GUM,2010,13.888340950012200
Guam,GUM,2011,14.103532791137700
Guam,GUM,2012,13.242301940918000
Guam,GUM,2013,12.78879451751710
Guam,GUM,2014,12.022552490234400
Guam,GUM,2015,12.531783103942900
Guam,GUM,2016,11.65176773071290
Guam,GUM,2017,11.634407043457000
Guatemala,GTM,1990,29.51331901550290
Guatemala,GTM,1995,30.168352127075200
Guatemala,GTM,2000,31.06172752380370
Guatemala,GTM,2005,31.46465301513670
Guatemala,GTM,2010,29.982589721679700
Guatemala,GTM,2011,31.727331161499000
Guatemala,GTM,2012,29.886259078979500
Guatemala,GTM,2013,30.05682373046880
Guatemala,GTM,2014,26.527854919433600
Guatemala,GTM,2015,25.072725296020500
Guatemala,GTM,2016,23.797828674316400
Guatemala,GTM,2017,24.070648193359400
Guinea,GIN,1990,24.69337272644040
Guinea,GIN,1995,24.181432723999000
Guinea,GIN,2000,24.034873962402300
Guinea,GIN,2005,22.445125579834000
Guinea,GIN,2010,21.971027374267600
Guinea,GIN,2011,22.44536018371580
Guinea,GIN,2012,22.989965438842800
Guinea,GIN,2013,21.258562088012700
Guinea,GIN,2014,21.196672439575200
Guinea,GIN,2015,26.94288444519040
Guinea,GIN,2016,24.777713775634800
Guinea,GIN,2017,26.062490463256800
Guinea-Bissau,GNB,1990,30.58919334411620
Guinea-Bissau,GNB,1995,30.47041893005370
Guinea-Bissau,GNB,2000,30.456884384155300
Guinea-Bissau,GNB,2005,26.8405704498291
Guinea-Bissau,GNB,2010,26.83635902404790
Guinea-Bissau,GNB,2011,27.389440536499000
Guinea-Bissau,GNB,2012,27.09021759033200
Guinea-Bissau,GNB,2013,26.524208068847700
Guinea-Bissau,GNB,2014,26.940959930419900
Guinea-Bissau,GNB,2015,31.791271209716800
Guinea-Bissau,GNB,2016,29.585866928100600
Guinea-Bissau,GNB,2017,29.774702072143600
Guyana,GUY,1990,24.94626235961910
Guyana,GUY,1995,24.43404197692870
Guyana,GUY,2000,27.390953063964800
Guyana,GUY,2005,27.77781105041500
Guyana,GUY,2010,27.311864852905300
Guyana,GUY,2011,27.929424285888700
Guyana,GUY,2012,26.90129852294920
Guyana,GUY,2013,24.85550308227540
Guyana,GUY,2014,23.648265838623000
Guyana,GUY,2015,23.887882232666000
Guyana,GUY,2016,22.371498107910200
Guyana,GUY,2017,22.375574111938500
Haiti,HTI,1990,17.303722381591800
Haiti,HTI,1995,18.262939453125
Haiti,HTI,2000,17.7797908782959
Haiti,HTI,2005,17.461772918701200
Haiti,HTI,2010,17.795242309570300
Haiti,HTI,2011,18.757917404174800
Haiti,HTI,2012,17.48024559021000
Haiti,HTI,2013,16.767011642456100
Haiti,HTI,2014,16.262224197387700
Haiti,HTI,2015,15.540277481079100
Haiti,HTI,2016,15.086483001709000
Haiti,HTI,2017,15.019824028015100
High income,,1990,16.642749786377000
High income,,1995,16.228591918945300
High income,,2000,16.20960235595700
High income,,2005,16.325721740722700
High income,,2010,16.67738151550290
High income,,2011,16.96734046936040
High income,,2012,16.087749481201200
High income,,2013,15.887727737426800
High income,,2014,14.993806838989300
High income,,2015,15.825737953186000
High income,,2016,14.528249740600600
High income,,2017,14.693316459655800
Honduras,HND,1990,27.112571716308600
Honduras,HND,1995,27.808025360107400
Honduras,HND,2000,27.571624755859400
Honduras,HND,2005,28.079551696777300
Honduras,HND,2010,26.882951736450200
Honduras,HND,2011,28.900747299194300
Honduras,HND,2012,27.4471492767334
Honduras,HND,2013,27.68413543701170
Honduras,HND,2014,23.161540985107400
Honduras,HND,2015,22.40619659423830
Honduras,HND,2016,21.086959838867200
Honduras,HND,2017,20.62885093688970
Hungary,HUN,1990,21.839860916137700
Hungary,HUN,1995,20.017446517944300
Hungary,HUN,2000,18.981849670410200
Hungary,HUN,2005,19.466550827026400
Hungary,HUN,2010,19.13552474975590
Hungary,HUN,2011,19.360689163208000
Hungary,HUN,2012,17.52996063232420
Hungary,HUN,2013,17.231830596923800
Hungary,HUN,2014,16.31532859802250
Hungary,HUN,2015,17.23213005065920
Hungary,HUN,2016,15.885350227356000
Hungary,HUN,2017,15.926048278808600
Iceland,ISL,1990,8.43009090423584
Iceland,ISL,1995,8.171578407287600
Iceland,ISL,2000,7.954558372497560
Iceland,ISL,2005,7.842946529388430
Iceland,ISL,2010,7.856536865234380
Iceland,ISL,2011,8.098884582519530
Iceland,ISL,2012,7.3369293212890600
Iceland,ISL,2013,7.171206951141360
Iceland,ISL,2014,6.948896408081060
Iceland,ISL,2015,6.927968978881840
Iceland,ISL,2016,6.607654094696050
Iceland,ISL,2017,6.481147289276120
India,IND,1990,81.29063415527340
India,IND,1995,82.77130126953130
India,IND,2000,84.16480255126950
India,IND,2005,90.32646179199220
India,IND,2010,95.7581787109375
India,IND,2011,97.59938049316410
India,IND,2012,88.16944122314450
India,IND,2013,91.80479431152340
India,IND,2014,89.62238311767580
India,IND,2015,89.30333709716800
India,IND,2016,89.67218017578130
India,IND,2017,90.87320709228520
Indonesia,IDN,1990,18.052810668945300
Indonesia,IDN,1995,18.164766311645500
Indonesia,IDN,2000,17.877389907836900
Indonesia,IDN,2005,18.926637649536100
Indonesia,IDN,2010,18.169281005859400
Indonesia,IDN,2011,18.049652099609400
Indonesia,IDN,2012,18.170169830322300
Indonesia,IDN,2013,16.879180908203100
Indonesia,IDN,2014,16.454631805419900
Indonesia,IDN,2015,16.64027976989750
Indonesia,IDN,2016,16.384153366088900
Indonesia,IDN,2017,16.502653121948200
Iran,IRN,1990,38.071739196777300
Iran,IRN,1995,37.72776412963870
Iran,IRN,2000,38.41777801513670
Iran,IRN,2005,37.62776565551760
Iran,IRN,2010,38.6515007019043
Iran,IRN,2011,38.04969024658200
Iran,IRN,2012,38.54205322265630
Iran,IRN,2013,38.10109329223630
Iran,IRN,2014,38.109493255615200
Iran,IRN,2015,39.610530853271500
Iran,IRN,2016,38.84130096435550
Iran,IRN,2017,38.978759765625
Iraq,IRQ,1990,63.71657180786130
Iraq,IRQ,1995,63.26491928100590
Iraq,IRQ,2000,62.45795822143560
Iraq,IRQ,2005,62.85178756713870
Iraq,IRQ,2010,68.7114028930664
Iraq,IRQ,2011,66.36260986328130
Iraq,IRQ,2012,66.84207916259770
Iraq,IRQ,2013,63.802696228027300
Iraq,IRQ,2014,56.56703186035160
Iraq,IRQ,2015,66.2650375366211
Iraq,IRQ,2016,63.954795837402300
Iraq,IRQ,2017,61.636234283447300
Ireland,IRL,1990,10.405027389526400
Ireland,IRL,1995,10.149260520935100
Ireland,IRL,2000,10.137776374816900
Ireland,IRL,2005,9.922228813171390
Ireland,IRL,2010,9.976374626159670
Ireland,IRL,2011,10.285079002380400
Ireland,IRL,2012,9.52269172668457
Ireland,IRL,2013,9.360153198242190
Ireland,IRL,2014,8.750521659851070
Ireland,IRL,2015,8.672473907470700
Ireland,IRL,2016,8.279163360595700
Ireland,IRL,2017,8.208577156066900
Israel,ISR,1990,24.810527801513700
Israel,ISR,1995,24.317306518554700
Israel,ISR,2000,24.503623962402300
Israel,ISR,2005,22.9827938079834
Israel,ISR,2010,24.019237518310500
Israel,ISR,2011,23.904685974121100
Israel,ISR,2012,23.038848876953100
Israel,ISR,2013,22.946331024169900
Israel,ISR,2014,22.059146881103500
Israel,ISR,2015,22.779783248901400
Israel,ISR,2016,20.765701293945300
Israel,ISR,2017,21.381101608276400
Italy,ITA,1990,21.31972885131840
Italy,ITA,1995,20.270069122314500
Italy,ITA,2000,19.777334213256800
Italy,ITA,2005,19.60087776184080
Italy,ITA,2010,19.025230407714800
Italy,ITA,2011,19.994266510009800
Italy,ITA,2012,18.105247497558600
Italy,ITA,2013,17.757722854614300
Italy,ITA,2014,17.769269943237300
Italy,ITA,2015,17.89144515991210
Italy,ITA,2016,16.490373611450200
Italy,ITA,2017,16.75071144104000
Jamaica,JAM,1990,15.953864097595200
Jamaica,JAM,1995,15.919053077697800
Jamaica,JAM,2000,15.893815994262700
Jamaica,JAM,2005,16.009632110595700
Jamaica,JAM,2010,16.09171485900880
Jamaica,JAM,2011,16.542499542236300
Jamaica,JAM,2012,15.460471153259300
Jamaica,JAM,2013,14.93139934539800
Jamaica,JAM,2014,14.074331283569300
Jamaica,JAM,2015,14.17665958404540
Jamaica,JAM,2016,13.395963668823200
Jamaica,JAM,2017,13.40415096282960
Japan,JPN,1990,14.416359901428200
Japan,JPN,1995,14.31252384185790
Japan,JPN,2000,14.209626197814900
Japan,JPN,2005,14.348666191101100
Japan,JPN,2010,14.142337799072300
Japan,JPN,2011,14.141031265258800
Japan,JPN,2012,13.12887191772460
Japan,JPN,2013,13.362558364868200
Japan,JPN,2014,12.586616516113300
Japan,JPN,2015,12.687459945678700
Japan,JPN,2016,11.623922348022500
Japan,JPN,2017,11.704777717590300
Jordan,JOR,1990,35.343116760253900
Jordan,JOR,1995,34.60586166381840
Jordan,JOR,2000,33.511444091796900
Jordan,JOR,2005,32.48283767700200
Jordan,JOR,2010,33.550567626953100
Jordan,JOR,2011,33.01726150512700
Jordan,JOR,2012,33.01693344116210
Jordan,JOR,2013,33.41761016845700
Jordan,JOR,2014,33.205421447753900
Jordan,JOR,2015,34.305450439453100
Jordan,JOR,2016,33.17661666870120
Jordan,JOR,2017,33.006080627441400
Kazakhstan,KAZ,1990,16.87025260925290
Kazakhstan,KAZ,1995,15.732687950134300
Kazakhstan,KAZ,2000,15.944765090942400
Kazakhstan,KAZ,2005,15.618640899658200
Kazakhstan,KAZ,2010,15.914493560791000
Kazakhstan,KAZ,2011,15.24383544921880
Kazakhstan,KAZ,2012,14.481038093566900
Kazakhstan,KAZ,2013,14.598564147949200
Kazakhstan,KAZ,2014,13.749753952026400
Kazakhstan,KAZ,2015,14.384801864624000
Kazakhstan,KAZ,2016,13.08443832397460
Kazakhstan,KAZ,2017,13.824288368225100
Kenya,KEN,1990,28.54755210876470
Kenya,KEN,1995,28.52077865600590
Kenya,KEN,2000,28.385498046875
Kenya,KEN,2005,27.477298736572300
Kenya,KEN,2010,28.154769897460900
Kenya,KEN,2011,28.662883758544900
Kenya,KEN,2012,29.37228012084960
Kenya,KEN,2013,28.935344696044900
Kenya,KEN,2014,28.949350357055700
Kenya,KEN,2015,28.536279678344700
Kenya,KEN,2016,28.583377838134800
Kenya,KEN,2017,28.5783748626709
Kiribati,KIR,1990,13.115091323852500
Kiribati,KIR,1995,13.428020477294900
Kiribati,KIR,2000,13.521965026855500
Kiribati,KIR,2005,13.345588684082000
Kiribati,KIR,2010,13.175041198730500
Kiribati,KIR,2011,13.358154296875
Kiribati,KIR,2012,12.594231605529800
Kiribati,KIR,2013,12.325297355651900
Kiribati,KIR,2014,11.393742561340300
Kiribati,KIR,2015,11.514318466186500
Kiribati,KIR,2016,10.53783893585210
Kiribati,KIR,2017,10.64085578918460
Kuwait,KWT,1990,60.55584716796880
Kuwait,KWT,1995,60.05729675292970
Kuwait,KWT,2000,61.48199462890630
Kuwait,KWT,2005,59.673988342285200
Kuwait,KWT,2010,62.743980407714800
Kuwait,KWT,2011,62.82540512084960
Kuwait,KWT,2012,64.07090759277340
Kuwait,KWT,2013,62.61130905151370
Kuwait,KWT,2014,55.623905181884800
Kuwait,KWT,2015,65.40607452392580
Kuwait,KWT,2016,60.84385299682620
Kuwait,KWT,2017,60.74515914916990
Kyrgyzstan,KGZ,1990,26.156599044799800
Kyrgyzstan,KGZ,1995,25.435758590698200
Kyrgyzstan,KGZ,2000,27.080219268798800
Kyrgyzstan,KGZ,2005,26.777441024780300
Kyrgyzstan,KGZ,2010,27.2653865814209
Kyrgyzstan,KGZ,2011,27.517602920532200
Kyrgyzstan,KGZ,2012,25.489831924438500
Kyrgyzstan,KGZ,2013,25.44035530090330
Kyrgyzstan,KGZ,2014,23.29819107055660
Kyrgyzstan,KGZ,2015,24.344736099243200
Kyrgyzstan,KGZ,2016,23.195556640625
Kyrgyzstan,KGZ,2017,22.737768173217800
Laos,LAO,1990,26.536298751831100
Laos,LAO,1995,27.09515953063970
Laos,LAO,2000,27.545066833496100
Laos,LAO,2005,30.170209884643600
Laos,LAO,2010,31.731996536254900
Laos,LAO,2011,29.669660568237300
Laos,LAO,2012,30.29741859436040
Laos,LAO,2013,30.259489059448200
Laos,LAO,2014,28.39017105102540
Laos,LAO,2015,26.139488220214800
Laos,LAO,2016,25.80101776123050
Laos,LAO,2017,25.109539031982400
Latin America and Caribbean,,1990,19.608673095703100
Latin America and Caribbean,,1995,19.983606338501000
Latin America and Caribbean,,2000,20.80459213256840
Latin America and Caribbean,,2005,21.06966209411620
Latin America and Caribbean,,2010,21.05366325378420
Latin America and Caribbean,,2011,21.50909996032720
Latin America and Caribbean,,2012,20.440597534179700
Latin America and Caribbean,,2013,19.76987648010250
Latin America and Caribbean,,2014,18.391788482666000
Latin America and Caribbean,,2015,17.75361442565920
Latin America and Caribbean,,2016,16.699798583984400
Latin America and Caribbean,,2017,16.70843505859380
Latvia,LVA,1990,19.023418426513700
Latvia,LVA,1995,17.31863021850590
Latvia,LVA,2000,16.719966888427700
Latvia,LVA,2005,16.855894088745100
Latvia,LVA,2010,17.11506462097170
Latvia,LVA,2011,16.572675704956100
Latvia,LVA,2012,15.598559379577600
Latvia,LVA,2013,14.884307861328100
Latvia,LVA,2014,14.879085540771500
Latvia,LVA,2015,13.968201637268100
Latvia,LVA,2016,13.447471618652300
Latvia,LVA,2017,13.426457405090300
Lebanon,LBN,1990,30.34220314025880
Lebanon,LBN,1995,29.8450927734375
Lebanon,LBN,2000,30.614206314086900
Lebanon,LBN,2005,30.024768829345700
Lebanon,LBN,2010,30.89212417602540
Lebanon,LBN,2011,30.069107055664100
Lebanon,LBN,2012,30.108051300048800
Lebanon,LBN,2013,30.588098526001000
Lebanon,LBN,2014,30.44456672668460
Lebanon,LBN,2015,31.22929573059080
Lebanon,LBN,2016,30.1718692779541
Lebanon,LBN,2017,30.621110916137700
Lesotho,LSO,1990,30.70374298095700
Lesotho,LSO,1995,31.661033630371100
Lesotho,LSO,2000,31.49014663696290
Lesotho,LSO,2005,30.098922729492200
Lesotho,LSO,2010,32.240596771240200
Lesotho,LSO,2011,31.3547420501709
Lesotho,LSO,2012,31.21324348449710
Lesotho,LSO,2013,32.14869689941410
Lesotho,LSO,2014,33.080101013183600
Lesotho,LSO,2015,30.884977340698200
Lesotho,LSO,2016,28.336833953857400
Lesotho,LSO,2017,28.028654098510700
Liberia,LBR,1990,17.123428344726600
Liberia,LBR,1995,17.17619514465330
Liberia,LBR,2000,17.253143310546900
Liberia,LBR,2005,16.02440643310550
Liberia,LBR,2010,15.249197006225600
Liberia,LBR,2011,16.147050857543900
Liberia,LBR,2012,16.2882080078125
Liberia,LBR,2013,15.382857322692900
Liberia,LBR,2014,14.942270278930700
Liberia,LBR,2015,18.212804794311500
Liberia,LBR,2016,17.886777877807600
Liberia,LBR,2017,17.984111785888700
Libya,LBY,1990,45.0634880065918
Libya,LBY,1995,46.71104049682620
Libya,LBY,2000,46.25517272949220
Libya,LBY,2005,47.126190185546900
Libya,LBY,2010,50.1472282409668
Libya,LBY,2011,44.63173294067380
Libya,LBY,2012,44.91136169433590
Libya,LBY,2013,49.279483795166000
Libya,LBY,2014,47.5012321472168
Libya,LBY,2015,51.53263854980470
Libya,LBY,2016,52.129207611084000
Libya,LBY,2017,54.25468063354490
Lithuania,LTU,1990,16.398101806640600
Lithuania,LTU,1995,15.000761032104500
Lithuania,LTU,2000,14.428132057189900
Lithuania,LTU,2005,14.46207046508790
Lithuania,LTU,2010,14.971064567565900
Lithuania,LTU,2011,14.509682655334500
Lithuania,LTU,2012,13.784524917602500
Lithuania,LTU,2013,12.981191635131800
Lithuania,LTU,2014,12.845193862915000
Lithuania,LTU,2015,12.455035209655800
Lithuania,LTU,2016,11.821615219116200
Lithuania,LTU,2017,11.85328197479250
Low and middle income,,1990,50.81916427612310
Low and middle income,,1995,51.369441986084000
Low and middle income,,2000,52.375709533691400
Low and middle income,,2005,55.06820297241210
Low and middle income,,2010,57.09500503540040
Low and middle income,,2011,57.60694122314450
Low and middle income,,2012,53.850242614746100
Low and middle income,,2013,54.352867126464800
Low and middle income,,2014,52.085899353027300
Low and middle income,,2015,53.42578887939450
Low and middle income,,2016,51.14860916137700
Low and middle income,,2017,51.51258850097660
Low income,,1990,42.22258758544920
Low income,,1995,42.53187561035160
Low income,,2000,42.08061599731450
Low income,,2005,40.48748016357420
Low income,,2010,40.197540283203100
Low income,,2011,41.12166976928710
Low income,,2012,41.44766616821290
Low income,,2013,40.40669250488280
Low income,,2014,39.384254455566400
Low income,,2015,44.27626037597660
Low income,,2016,43.018463134765600
Low income,,2017,43.30572509765630
Lower middle income,,1990,59.042388916015600
Lower middle income,,1995,59.512168884277300
Lower middle income,,2000,60.258567810058600
Lower middle income,,2005,63.13447952270510
Lower middle income,,2010,65.5545883178711
Lower middle income,,2011,65.98172760009770
Lower middle income,,2012,61.767059326171900
Lower middle income,,2013,62.39400863647460
Lower middle income,,2014,61.11412048339840
Lower middle income,,2015,63.06246566772460
Lower middle income,,2016,62.172603607177700
Lower middle income,,2017,62.62095260620120
Luxembourg,LUX,1990,13.694461822509800
Luxembourg,LUX,1995,12.947626113891600
Luxembourg,LUX,2000,12.56956672668460
Luxembourg,LUX,2005,12.355535507202100
Luxembourg,LUX,2010,12.958784103393600
Luxembourg,LUX,2011,12.685996055603000
Luxembourg,LUX,2012,11.775575637817400
Luxembourg,LUX,2013,11.60538387298580
Luxembourg,LUX,2014,10.857613563537600
Luxembourg,LUX,2015,11.006654739379900
Luxembourg,LUX,2016,10.311981201171900
Luxembourg,LUX,2017,10.36463737487790
Madagascar,MDG,1990,22.2735595703125
Madagascar,MDG,1995,22.29494857788090
Madagascar,MDG,2000,21.872400283813500
Madagascar,MDG,2005,23.294063568115200
Madagascar,MDG,2010,22.662010192871100
Madagascar,MDG,2011,23.36285972595220
Madagascar,MDG,2012,22.7164249420166
Madagascar,MDG,2013,23.909162521362300
Madagascar,MDG,2014,23.51776695251470
Madagascar,MDG,2015,22.950401306152300
Madagascar,MDG,2016,22.895708084106400
Madagascar,MDG,2017,22.542282104492200
Malawi,MWI,1990,26.46902847290040
Malawi,MWI,1995,26.38950538635250
Malawi,MWI,2000,26.142086029052700
Malawi,MWI,2005,25.627405166626000
Malawi,MWI,2010,25.696197509765600
Malawi,MWI,2011,25.165008544921900
Malawi,MWI,2012,25.738401412963900
Malawi,MWI,2013,24.68347930908200
Malawi,MWI,2014,25.19822883605960
Malawi,MWI,2015,24.537429809570300
Malawi,MWI,2016,23.092615127563500
Malawi,MWI,2017,23.565921783447300
Malaysia,MYS,1990,17.294448852539100
Malaysia,MYS,1995,17.682531356811500
Malaysia,MYS,2000,18.076169967651400
Malaysia,MYS,2005,19.377811431884800
Malaysia,MYS,2010,18.593753814697300
Malaysia,MYS,2011,19.202608108520500
Malaysia,MYS,2012,19.182222366333000
Malaysia,MYS,2013,17.554447174072300
Malaysia,MYS,2014,16.923154830932600
Malaysia,MYS,2015,17.44091033935550
Malaysia,MYS,2016,15.751286506652800
Malaysia,MYS,2017,16.035808563232400
Maldives,MDV,1990,11.4329195022583
Maldives,MDV,1995,11.509395599365200
Maldives,MDV,2000,11.089532852172900
Maldives,MDV,2005,11.435359001159700
Maldives,MDV,2010,11.309829711914100
Maldives,MDV,2011,11.789634704589800
Maldives,MDV,2012,11.157482147216800
Maldives,MDV,2013,10.569679260253900
Maldives,MDV,2014,9.921231269836430
Maldives,MDV,2015,9.373944282531740
Maldives,MDV,2016,7.972428798675540
Maldives,MDV,2017,7.795820713043210
Mali,MLI,1990,41.52876663208010
Mali,MLI,1995,40.572479248046900
Mali,MLI,2000,39.80005645751950
Mali,MLI,2005,37.84408187866210
Mali,MLI,2010,36.39765930175780
Mali,MLI,2011,35.14164352416990
Mali,MLI,2012,34.700225830078100
Mali,MLI,2013,32.30682373046880
Mali,MLI,2014,33.916114807128900
Mali,MLI,2015,41.92692947387700
Mali,MLI,2016,38.48039627075200
Mali,MLI,2017,38.526607513427700
Malta,MLT,1990,16.854869842529300
Malta,MLT,1995,16.661745071411100
Malta,MLT,2000,16.53494644165040
Malta,MLT,2005,16.10447883605960
Malta,MLT,2010,16.449399948120100
Malta,MLT,2011,16.644304275512700
Malta,MLT,2012,15.397160530090300
Malta,MLT,2013,15.281944274902300
Malta,MLT,2014,14.435403823852500
Malta,MLT,2015,14.72246265411380
Malta,MLT,2016,13.811394691467300
Malta,MLT,2017,13.90954303741460
Marshall Islands,MHL,1990,13.063594818115200
Marshall Islands,MHL,1995,13.338399887085000
Marshall Islands,MHL,2000,13.043412208557100
Marshall Islands,MHL,2005,12.926919937133800
Marshall Islands,MHL,2010,12.946708679199200
Marshall Islands,MHL,2011,12.932170867919900
Marshall Islands,MHL,2012,12.123533248901400
Marshall Islands,MHL,2013,11.874388694763200
Marshall Islands,MHL,2014,11.070219993591300
Marshall Islands,MHL,2015,10.837668418884300
Marshall Islands,MHL,2016,10.152002334594700
Marshall Islands,MHL,2017,10.241332054138200
Mauritania,MRT,1990,50.068321228027300
Mauritania,MRT,1995,48.41496276855470
Mauritania,MRT,2000,48.860252380371100
Mauritania,MRT,2005,41.87260055541990
Mauritania,MRT,2010,39.637413024902300
Mauritania,MRT,2011,40.04314422607420
Mauritania,MRT,2012,42.34351348876950
Mauritania,MRT,2013,40.215789794921900
Mauritania,MRT,2014,43.110782623291000
Mauritania,MRT,2015,49.49825668334960
Mauritania,MRT,2016,46.66758728027340
Mauritania,MRT,2017,47.42299270629880
Mauritius,MUS,1990,15.772930145263700
Mauritius,MUS,1995,15.756579399108900
Mauritius,MUS,2000,15.398037910461400
Mauritius,MUS,2005,15.537249565124500
Mauritius,MUS,2010,15.194772720336900
Mauritius,MUS,2011,15.201702117919900
Mauritius,MUS,2012,15.245856285095200
Mauritius,MUS,2013,15.55617618560790
Mauritius,MUS,2014,15.292648315429700
Mauritius,MUS,2015,14.44195556640630
Mauritius,MUS,2016,14.346379280090300
Mauritius,MUS,2017,14.4578275680542
Mexico,MEX,1990,23.516557693481400
Mexico,MEX,1995,24.13661003112790
Mexico,MEX,2000,26.77918243408200
Mexico,MEX,2005,26.862899780273400
Mexico,MEX,2010,26.36543846130370
Mexico,MEX,2011,27.741296768188500
Mexico,MEX,2012,25.981658935546900
Mexico,MEX,2013,25.44908905029300
Mexico,MEX,2014,23.099689483642600
Mexico,MEX,2015,22.13299560546880
Mexico,MEX,2016,20.706829071044900
Mexico,MEX,2017,20.92111587524410
Micronesia (country),FSM,1990,14.010982513427700
Micronesia (country),FSM,1995,14.070062637329100
Micronesia (country),FSM,2000,14.124484062194800
Micronesia (country),FSM,2005,14.006300926208500
Micronesia (country),FSM,2010,13.749245643615700
Micronesia (country),FSM,2011,13.73165225982670
Micronesia (country),FSM,2012,12.974438667297400
Micronesia (country),FSM,2013,12.742515563964800
Micronesia (country),FSM,2014,11.86686897277830
Micronesia (country),FSM,2015,11.725984573364300
Micronesia (country),FSM,2016,11.13451099395750
Micronesia (country),FSM,2017,11.28339958190920
Middle East and North Africa,,1990,50.21142578125
Middle East and North Africa,,1995,49.45882797241210
Middle East and North Africa,,2000,50.41402816772460
Middle East and North Africa,,2005,49.824127197265600
Middle East and North Africa,,2010,51.81085968017580
Middle East and North Africa,,2011,50.26054763793950
Middle East and North Africa,,2012,51.06016159057620
Middle East and North Africa,,2013,51.9404411315918
Middle East and North Africa,,2014,50.52293014526370
Middle East and North Africa,,2015,57.018341064453100
Middle East and North Africa,,2016,55.8067512512207
Middle East and North Africa,,2017,55.667964935302700
Middle income,,1990,51.450103759765600
Middle income,,1995,52.061832427978500
Middle income,,2000,53.2370719909668
Middle income,,2005,56.390541076660200
Middle income,,2010,58.75699234008790
Middle income,,2011,59.251949310302700
Middle income,,2012,55.104793548584000
Middle income,,2013,55.78244400024410
Middle income,,2014,53.40554428100590
Middle income,,2015,54.3896598815918
Middle income,,2016,52.01735305786130
Middle income,,2017,52.40227127075200
Moldova,MDA,1990,22.84505271911620
Moldova,MDA,1995,20.890161514282200
Moldova,MDA,2000,19.581100463867200
Moldova,MDA,2005,19.144521713256800
Moldova,MDA,2010,19.116104125976600
Moldova,MDA,2011,19.924867630004900
Moldova,MDA,2012,18.409284591674800
Moldova,MDA,2013,17.43239974975590
Moldova,MDA,2014,16.72646141052250
Moldova,MDA,2015,17.079139709472700
Moldova,MDA,2016,16.363798141479500
Moldova,MDA,2017,16.25103187561040
Mongolia,MNG,1990,37.9155387878418
Mongolia,MNG,1995,36.83717727661130
Mongolia,MNG,2000,39.032527923584000
Mongolia,MNG,2005,39.72640609741210
Mongolia,MNG,2010,43.30465316772460
Mongolia,MNG,2011,45.36016845703130
Mongolia,MNG,2012,42.65437316894530
Mongolia,MNG,2013,42.321311950683600
Mongolia,MNG,2014,39.29513931274410
Mongolia,MNG,2015,42.5146484375
Mongolia,MNG,2016,38.222816467285200
Mongolia,MNG,2017,40.112850189209000
Montenegro,MNE,1990,28.599088668823200
Montenegro,MNE,1995,27.80047607421880
Montenegro,MNE,2000,26.001245498657200
Montenegro,MNE,2005,25.56279182434080
Montenegro,MNE,2010,25.05540657043460
Montenegro,MNE,2011,26.62922477722170
Montenegro,MNE,2012,24.6803035736084
Montenegro,MNE,2013,23.27422523498540
Montenegro,MNE,2014,21.947052001953100
Montenegro,MNE,2015,22.559690475463900
Montenegro,MNE,2016,20.92405128479000
Montenegro,MNE,2017,20.78181266784670
Morocco,MAR,1990,30.255491256713900
Morocco,MAR,1995,30.42096519470220
Morocco,MAR,2000,30.967449188232400
Morocco,MAR,2005,30.96781349182130
Morocco,MAR,2010,29.64896011352540
Morocco,MAR,2011,29.266563415527300
Morocco,MAR,2012,27.790283203125
Morocco,MAR,2013,29.259519577026400
Morocco,MAR,2014,29.94944953918460
Morocco,MAR,2015,31.440086364746100
Morocco,MAR,2016,32.93537521362310
Morocco,MAR,2017,32.59354019165040
Mozambique,MOZ,1990,23.382858276367200
Mozambique,MOZ,1995,22.796581268310500
Mozambique,MOZ,2000,22.68627166748050
Mozambique,MOZ,2005,22.663230895996100
Mozambique,MOZ,2010,23.56146812438970
Mozambique,MOZ,2011,22.609071731567400
Mozambique,MOZ,2012,22.86760139465330
Mozambique,MOZ,2013,22.636159896850600
Mozambique,MOZ,2014,22.614164352417000
Mozambique,MOZ,2015,21.905881881713900
Mozambique,MOZ,2016,21.471824645996100
Mozambique,MOZ,2017,21.298694610595700
Myanmar,MMR,1990,39.80947494506840
Myanmar,MMR,1995,40.765254974365200
Myanmar,MMR,2000,39.36165237426760
Myanmar,MMR,2005,43.32145309448240
Myanmar,MMR,2010,44.056114196777300
Myanmar,MMR,2011,43.619903564453100
Myanmar,MMR,2012,42.52281188964840
Myanmar,MMR,2013,42.882869720459000
Myanmar,MMR,2014,40.28896713256840
Myanmar,MMR,2015,38.5137825012207
Myanmar,MMR,2016,36.0337028503418
Myanmar,MMR,2017,35.55745315551760
Namibia,NAM,1990,28.74979019165040
Namibia,NAM,1995,27.497596740722700
Namibia,NAM,2000,27.433818817138700
Namibia,NAM,2005,27.619760513305700
Namibia,NAM,2010,27.659896850585900
Namibia,NAM,2011,27.010154724121100
Namibia,NAM,2012,26.798707962036100
Namibia,NAM,2013,27.092815399169900
Namibia,NAM,2014,26.01812171936040
Namibia,NAM,2015,26.910017013549800
Namibia,NAM,2016,25.552141189575200
Namibia,NAM,2017,25.3587646484375
Nepal,NPL,1990,87.59845733642580
Nepal,NPL,1995,90.68716430664060
Nepal,NPL,2000,88.94302368164060
Nepal,NPL,2005,93.21824645996090
Nepal,NPL,2010,100.78443145752000
Nepal,NPL,2011,100.76605987548800
Nepal,NPL,2012,96.96329498291020
Nepal,NPL,2013,95.3139877319336
Nepal,NPL,2014,98.11602020263670
Nepal,NPL,2015,96.25276947021480
Nepal,NPL,2016,98.0547103881836
Nepal,NPL,2017,99.734375
Netherlands,NLD,1990,16.469402313232400
Netherlands,NLD,1995,15.561695098877000
Netherlands,NLD,2000,14.928680419921900
Netherlands,NLD,2005,14.578018188476600
Netherlands,NLD,2010,15.232430458068800
Netherlands,NLD,2011,14.988138198852500
Netherlands,NLD,2012,13.812414169311500
Netherlands,NLD,2013,13.043145179748500
Netherlands,NLD,2014,12.828797340393100
Netherlands,NLD,2015,12.93210506439210
Netherlands,NLD,2016,12.025242805481000
Netherlands,NLD,2017,12.034407615661600
New Zealand,NZL,1990,7.143831253051760
New Zealand,NZL,1995,7.204397201538090
New Zealand,NZL,2000,7.162288665771480
New Zealand,NZL,2005,7.037087440490720
New Zealand,NZL,2010,7.152865886688230
New Zealand,NZL,2011,7.420696258544920
New Zealand,NZL,2012,6.8358354568481400
New Zealand,NZL,2013,6.781885623931890
New Zealand,NZL,2014,6.357903480529790
New Zealand,NZL,2015,6.3304338455200200
New Zealand,NZL,2016,5.987363338470460
New Zealand,NZL,2017,5.956001281738280
Nicaragua,NIC,1990,22.600160598754900
Nicaragua,NIC,1995,22.347902297973600
Nicaragua,NIC,2000,23.053407669067400
Nicaragua,NIC,2005,23.029436111450200
Nicaragua,NIC,2010,22.49226951599120
Nicaragua,NIC,2011,22.479520797729500
Nicaragua,NIC,2012,22.352710723877000
Nicaragua,NIC,2013,21.929075241088900
Nicaragua,NIC,2014,19.38772201538090
Nicaragua,NIC,2015,18.56913185119630
Nicaragua,NIC,2016,17.72772979736330
Nicaragua,NIC,2017,17.614179611206100
Niger,NER,1990,90.59636688232420
Niger,NER,1995,88.63159942626950
Niger,NER,2000,87.50675964355470
Niger,NER,2005,73.43849182128910
Niger,NER,2010,69.15017700195310
Niger,NER,2011,72.9827651977539
Niger,NER,2012,72.54464721679690
Niger,NER,2013,63.031715393066400
Niger,NER,2014,60.541358947753900
Niger,NER,2015,87.28128051757810
Niger,NER,2016,87.7084732055664
Niger,NER,2017,94.05381774902340
Nigeria,NGA,1990,72.12557220458980
Nigeria,NGA,1995,68.71003723144530
Nigeria,NGA,2000,67.55432891845700
Nigeria,NGA,2005,59.658138275146500
Nigeria,NGA,2010,52.60906219482420
Nigeria,NGA,2011,50.97309112548830
Nigeria,NGA,2012,56.129638671875
Nigeria,NGA,2013,49.74068832397460
Nigeria,NGA,2014,48.63337326049810
Nigeria,NGA,2015,75.39899444580080
Nigeria,NGA,2016,71.36959838867190
Nigeria,NGA,2017,71.79817199707030
North America,,1990,9.554770469665530
North America,,1995,9.421870231628420
North America,,2000,9.404172897338870
North America,,2005,9.50123119354248
North America,,2010,9.263171195983890
North America,,2011,9.63081169128418
North America,,2012,8.914901733398440
North America,,2013,8.64144229888916
North America,,2014,8.14222526550293
North America,,2015,7.973349571228030
North America,,2016,7.321048259735110
North America,,2017,7.311074733734130
North Korea,PRK,1990,38.45306396484380
North Korea,PRK,1995,38.35749053955080
North Korea,PRK,2000,38.16205596923830
North Korea,PRK,2005,39.0947151184082
North Korea,PRK,2010,39.342655181884800
North Korea,PRK,2011,38.893367767334000
North Korea,PRK,2012,36.40751266479490
North Korea,PRK,2013,37.134857177734400
North Korea,PRK,2014,35.24021530151370
North Korea,PRK,2015,37.41178512573240
North Korea,PRK,2016,31.758424758911100
North Korea,PRK,2017,32.007450103759800
North Macedonia,MKD,1990,41.87047576904300
North Macedonia,MKD,1995,39.93756103515630
North Macedonia,MKD,2000,36.398216247558600
North Macedonia,MKD,2005,35.6330451965332
North Macedonia,MKD,2010,34.45697021484380
North Macedonia,MKD,2011,38.0831184387207
North Macedonia,MKD,2012,34.657814025878900
North Macedonia,MKD,2013,32.01504898071290
North Macedonia,MKD,2014,31.79054069519040
North Macedonia,MKD,2015,31.975988388061500
North Macedonia,MKD,2016,29.59326934814450
North Macedonia,MKD,2017,29.726943969726600
Northern Mariana Islands,MNP,1990,11.414900779724100
Northern Mariana Islands,MNP,1995,11.409985542297400
Northern Mariana Islands,MNP,2000,12.181241989135700
Northern Mariana Islands,MNP,2005,11.86877155303960
Northern Mariana Islands,MNP,2010,11.92638111114500
Northern Mariana Islands,MNP,2011,12.199626922607400
Northern Mariana Islands,MNP,2012,11.439995765686000
Northern Mariana Islands,MNP,2013,10.965020179748500
Northern Mariana Islands,MNP,2014,10.313471794128400
Northern Mariana Islands,MNP,2015,10.397711753845200
Northern Mariana Islands,MNP,2016,9.917756080627440
Northern Mariana Islands,MNP,2017,9.89298152923584
Norway,NOR,1990,8.995380401611330
Norway,NOR,1995,8.793261528015140
Norway,NOR,2000,8.668866157531740
Norway,NOR,2005,8.359490394592290
Norway,NOR,2010,8.341506958007810
Norway,NOR,2011,8.853510856628420
Norway,NOR,2012,7.925281047821050
Norway,NOR,2013,7.633674621582030
Norway,NOR,2014,7.670896053314210
Norway,NOR,2015,7.2427754402160600
Norway,NOR,2016,6.9594573974609400
Norway,NOR,2017,6.956519603729250
Oman,OMN,1990,40.187644958496100
Oman,OMN,1995,39.602691650390600
Oman,OMN,2000,39.855289459228500
Oman,OMN,2005,39.6552734375
Oman,OMN,2010,37.51533508300780
Oman,OMN,2011,39.10379409790040
Oman,OMN,2012,40.73328399658200
Oman,OMN,2013,41.05276870727540
Oman,OMN,2014,37.710880279541000
Oman,OMN,2015,42.62759017944340
Oman,OMN,2016,41.78219223022460
Oman,OMN,2017,41.115238189697300
Pakistan,PAK,1990,60.334659576416000
Pakistan,PAK,1995,61.432865142822300
Pakistan,PAK,2000,61.10602569580080
Pakistan,PAK,2005,63.37843704223630
Pakistan,PAK,2010,68.00518798828130
Pakistan,PAK,2011,68.54493713378910
Pakistan,PAK,2012,62.37664794921880
Pakistan,PAK,2013,61.02216339111330
Pakistan,PAK,2014,59.51836395263670
Pakistan,PAK,2015,60.08589172363280
Pakistan,PAK,2016,58.63276290893560
Pakistan,PAK,2017,58.28241729736330
Palestine,PSE,1990,34.22574996948240
Palestine,PSE,1995,34.16200256347660
Palestine,PSE,2000,33.85375213623050
Palestine,PSE,2005,31.97449493408200
Palestine,PSE,2010,33.006675720214800
Palestine,PSE,2011,32.873313903808600
Palestine,PSE,2012,32.76945877075200
Palestine,PSE,2013,33.49296188354490
Palestine,PSE,2014,33.44828414916990
Palestine,PSE,2015,33.89141082763670
Palestine,PSE,2016,32.742069244384800
Palestine,PSE,2017,33.22563171386720
Panama,PAN,1990,13.127545356750500
Panama,PAN,1995,13.206170082092300
Panama,PAN,2000,14.383014678955100
Panama,PAN,2005,14.115315437316900
Panama,PAN,2010,14.13891887664800
Panama,PAN,2011,14.296038627624500
Panama,PAN,2012,13.972366333007800
Panama,PAN,2013,13.397870063781700
Panama,PAN,2014,12.921615600585900
Panama,PAN,2015,12.490743637085000
Panama,PAN,2016,11.465547561645500
Panama,PAN,2017,11.400053977966300
Papua New Guinea,PNG,1990,15.126299858093300
Papua New Guinea,PNG,1995,14.637449264526400
Papua New Guinea,PNG,2000,14.75156307220460
Papua New Guinea,PNG,2005,14.524239540100100
Papua New Guinea,PNG,2010,14.94135856628420
Papua New Guinea,PNG,2011,15.519033432006800
Papua New Guinea,PNG,2012,14.60653305053710
Papua New Guinea,PNG,2013,13.952628135681200
Papua New Guinea,PNG,2014,13.245298385620100
Papua New Guinea,PNG,2015,13.261726379394500
Papua New Guinea,PNG,2016,12.615056037902800
Papua New Guinea,PNG,2017,12.294418334960900
Paraguay,PRY,1990,14.023616790771500
Paraguay,PRY,1995,14.288268089294400
Paraguay,PRY,2000,14.213086128234900
Paraguay,PRY,2005,15.130470275878900
Paraguay,PRY,2010,15.102923393249500
Paraguay,PRY,2011,14.598118782043500
Paraguay,PRY,2012,13.9483060836792
Paraguay,PRY,2013,12.926568984985400
Paraguay,PRY,2014,12.641075134277300
Paraguay,PRY,2015,13.038074493408200
Paraguay,PRY,2016,11.649322509765600
Paraguay,PRY,2017,11.909080505371100
Peru,PER,1990,28.520938873291000
Peru,PER,1995,29.50529670715330
Peru,PER,2000,30.273662567138700
Peru,PER,2005,32.29922866821290
Peru,PER,2010,31.502574920654300
Peru,PER,2011,31.571165084838900
Peru,PER,2012,30.494455337524400
Peru,PER,2013,29.743085861206100
Peru,PER,2014,27.582672119140600
Peru,PER,2015,26.037267684936500
Peru,PER,2016,25.54274559021000
Peru,PER,2017,24.786727905273400
Philippines,PHL,1990,22.11603546142580
Philippines,PHL,1995,21.970218658447300
Philippines,PHL,2000,22.20389747619630
Philippines,PHL,2005,22.818571090698200
Philippines,PHL,2010,23.592315673828100
Philippines,PHL,2011,22.75483512878420
Philippines,PHL,2012,22.549583435058600
Philippines,PHL,2013,21.21628761291500
Philippines,PHL,2014,20.259586334228500
Philippines,PHL,2015,19.58154296875
Philippines,PHL,2016,18.2269287109375
Philippines,PHL,2017,18.069799423217800
Poland,POL,1990,30.19942855834960
Poland,POL,1995,27.891828536987300
Poland,POL,2000,25.822185516357400
Poland,POL,2005,26.15121841430660
Poland,POL,2010,27.17650032043460
Poland,POL,2011,26.372507095336900
Poland,POL,2012,24.26397705078130
Poland,POL,2013,22.92872428894040
Poland,POL,2014,22.210891723632800
Poland,POL,2015,22.69131851196290
Poland,POL,2016,20.975767135620100
Poland,POL,2017,20.877822875976600
Portugal,PRT,1990,10.140530586242700
Portugal,PRT,1995,10.084593772888200
Portugal,PRT,2000,10.123692512512200
Portugal,PRT,2005,10.449707984924300
Portugal,PRT,2010,10.076887130737300
Portugal,PRT,2011,10.355012893676800
Portugal,PRT,2012,9.484803199768070
Portugal,PRT,2013,9.43204402923584
Portugal,PRT,2014,8.78479290008545
Portugal,PRT,2015,8.823283195495610
Portugal,PRT,2016,8.052763938903810
Portugal,PRT,2017,8.160752296447750
Puerto Rico,PRI,1990,8.238191604614260
Puerto Rico,PRI,1995,8.233421325683590
Puerto Rico,PRI,2000,10.436002731323200
Puerto Rico,PRI,2005,10.39992618560790
Puerto Rico,PRI,2010,10.37254810333250
Puerto Rico,PRI,2011,10.579405784606900
Puerto Rico,PRI,2012,9.9662446975708
Puerto Rico,PRI,2013,9.703754425048830
Puerto Rico,PRI,2014,9.089227676391600
Puerto Rico,PRI,2015,8.920909881591800
Puerto Rico,PRI,2016,8.34287166595459
Puerto Rico,PRI,2017,8.34903335571289
Qatar,QAT,1990,91.63639068603520
Qatar,QAT,1995,89.99349975585940
Qatar,QAT,2000,83.53533172607420
Qatar,QAT,2005,85.32646942138670
Qatar,QAT,2010,84.1229019165039
Qatar,QAT,2011,81.27300262451170
Qatar,QAT,2012,89.2469711303711
Qatar,QAT,2013,88.89051818847660
Qatar,QAT,2014,78.83283996582030
Qatar,QAT,2015,94.40389251708980
Qatar,QAT,2016,88.22245025634770
Qatar,QAT,2017,91.18732452392580
Romania,ROU,1990,20.319263458252000
Romania,ROU,1995,18.57241439819340
Romania,ROU,2000,17.696741104126000
Romania,ROU,2005,17.15777587890630
Romania,ROU,2010,17.06214714050290
Romania,ROU,2011,17.636754989624000
Romania,ROU,2012,16.315845489502000
Romania,ROU,2013,15.369309425354000
Romania,ROU,2014,15.006495475769000
Romania,ROU,2015,15.433555603027300
Romania,ROU,2016,14.537062644958500
Romania,ROU,2017,14.611340522766100
Russia,RUS,1990,21.223346710205100
Russia,RUS,1995,19.873332977294900
Russia,RUS,2000,19.05403709411620
Russia,RUS,2005,18.995216369628900
Russia,RUS,2010,19.480310440063500
Russia,RUS,2011,19.191511154174800
Russia,RUS,2012,18.304338455200200
Russia,RUS,2013,17.79507064819340
Russia,RUS,2014,16.582162857055700
Russia,RUS,2015,17.01919174194340
Russia,RUS,2016,16.219890594482400
Russia,RUS,2017,16.16022300720220
Rwanda,RWA,1990,45.52701187133790
Rwanda,RWA,1995,44.05491638183590
Rwanda,RWA,2000,43.481689453125
Rwanda,RWA,2005,42.691184997558600
Rwanda,RWA,2010,41.44091033935550
Rwanda,RWA,2011,42.68095779418950
Rwanda,RWA,2012,44.56089782714840
Rwanda,RWA,2013,44.41158676147460
Rwanda,RWA,2014,42.21148681640630
Rwanda,RWA,2015,42.6144905090332
Rwanda,RWA,2016,42.84380340576170
Rwanda,RWA,2017,43.2102165222168
Saint Lucia,LCA,1990,26.711984634399400
Saint Lucia,LCA,1995,26.849882125854500
Saint Lucia,LCA,2000,27.096132278442400
Saint Lucia,LCA,2005,26.98484992980960
Saint Lucia,LCA,2010,27.63597297668460
Saint Lucia,LCA,2011,28.078655242919900
Saint Lucia,LCA,2012,26.36748504638670
Saint Lucia,LCA,2013,25.444801330566400
Saint Lucia,LCA,2014,24.236303329467800
Saint Lucia,LCA,2015,24.283239364624000
Saint Lucia,LCA,2016,22.3533992767334
Saint Lucia,LCA,2017,22.40081787109380
Saint Vincent and the Grenadines,VCT,1990,27.164539337158200
Saint Vincent and the Grenadines,VCT,1995,27.16265869140630
Saint Vincent and the Grenadines,VCT,2000,26.957931518554700
Saint Vincent and the Grenadines,VCT,2005,27.06413459777830
Saint Vincent and the Grenadines,VCT,2010,26.396657943725600
Saint Vincent and the Grenadines,VCT,2011,27.582809448242200
Saint Vincent and the Grenadines,VCT,2012,25.754077911377000
Saint Vincent and the Grenadines,VCT,2013,24.76218032836910
Saint Vincent and the Grenadines,VCT,2014,23.03093147277830
Saint Vincent and the Grenadines,VCT,2015,23.47317123413090
Saint Vincent and the Grenadines,VCT,2016,22.07655143737790
Saint Vincent and the Grenadines,VCT,2017,22.200515747070300
Samoa,WSM,1990,14.311249732971200
Samoa,WSM,1995,14.296988487243700
Samoa,WSM,2000,14.320470809936500
Samoa,WSM,2005,14.20545768737790
Samoa,WSM,2010,14.288093566894500
Samoa,WSM,2011,14.693096160888700
Samoa,WSM,2012,13.62788200378420
Samoa,WSM,2013,13.382521629333500
Samoa,WSM,2014,12.643560409545900
Samoa,WSM,2015,12.321795463562000
Samoa,WSM,2016,11.36629867553710
Samoa,WSM,2017,11.548027038574200
Sao Tome and Principe,STP,1990,30.449045181274400
Sao Tome and Principe,STP,1995,30.314516067504900
Sao Tome and Principe,STP,2000,30.311901092529300
Sao Tome and Principe,STP,2005,29.334394454956100
Sao Tome and Principe,STP,2010,27.12662124633790
Sao Tome and Principe,STP,2011,27.860244750976600
Sao Tome and Principe,STP,2012,25.915843963623000
Sao Tome and Principe,STP,2013,27.658817291259800
Sao Tome and Principe,STP,2014,27.862302780151400
Sao Tome and Principe,STP,2015,28.432092666626000
Sao Tome and Principe,STP,2016,28.66653823852540
Sao Tome and Principe,STP,2017,28.53958511352540
Saudi Arabia,SAU,1990,70.57306671142580
Saudi Arabia,SAU,1995,72.5849380493164
Saudi Arabia,SAU,2000,79.07552337646480
Saudi Arabia,SAU,2005,76.42244720458980
Saudi Arabia,SAU,2010,81.69918060302730
Saudi Arabia,SAU,2011,82.41902923583980
Saudi Arabia,SAU,2012,85.5133056640625
Saudi Arabia,SAU,2013,83.63098907470700
Saudi Arabia,SAU,2014,75.60844421386720
Saudi Arabia,SAU,2015,97.43228912353520
Saudi Arabia,SAU,2016,84.46577453613280
Saudi Arabia,SAU,2017,87.94544982910160
Senegal,SEN,1990,41.016502380371100
Senegal,SEN,1995,41.70807647705080
Senegal,SEN,2000,41.35304641723630
Senegal,SEN,2005,35.54505920410160
Senegal,SEN,2010,34.985382080078100
Senegal,SEN,2011,35.93539810180660
Senegal,SEN,2012,36.167755126953100
Senegal,SEN,2013,34.018226623535200
Senegal,SEN,2014,36.826839447021500
Senegal,SEN,2015,44.34080123901370
Senegal,SEN,2016,38.6949462890625
Senegal,SEN,2017,40.69582748413090
Serbia,SRB,1990,31.415164947509800
Serbia,SRB,1995,29.792953491210900
Serbia,SRB,2000,29.223970413208000
Serbia,SRB,2005,29.68541717529300
Serbia,SRB,2010,29.100589752197300
Serbia,SRB,2011,31.034027099609400
Serbia,SRB,2012,28.584749221801800
Serbia,SRB,2013,27.4307861328125
Serbia,SRB,2014,26.49207305908200
Serbia,SRB,2015,26.954378128051800
Serbia,SRB,2016,24.780622482299800
Serbia,SRB,2017,24.72635841369630
Seychelles,SYC,1990,21.797359466552700
Seychelles,SYC,1995,21.768375396728500
Seychelles,SYC,2000,21.647520065307600
Seychelles,SYC,2005,21.77301025390630
Seychelles,SYC,2010,21.09126853942870
Seychelles,SYC,2011,21.6103572845459
Seychelles,SYC,2012,21.49533462524410
Seychelles,SYC,2013,20.969736099243200
Seychelles,SYC,2014,20.970518112182600
Seychelles,SYC,2015,20.0535945892334
Seychelles,SYC,2016,20.403823852539100
Seychelles,SYC,2017,20.17864990234380
Sierra Leone,SLE,1990,20.732646942138700
Sierra Leone,SLE,1995,20.13938331604000
Sierra Leone,SLE,2000,20.50687026977540
Sierra Leone,SLE,2005,19.312509536743200
Sierra Leone,SLE,2010,18.528888702392600
Sierra Leone,SLE,2011,18.74315643310550
Sierra Leone,SLE,2012,20.101293563842800
Sierra Leone,SLE,2013,18.435667037963900
Sierra Leone,SLE,2014,17.698232650756800
Sierra Leone,SLE,2015,22.52859878540040
Sierra Leone,SLE,2016,21.34393310546880
Sierra Leone,SLE,2017,21.625946044921900
Singapore,SGP,1990,18.7242431640625
Singapore,SGP,1995,18.755014419555700
Singapore,SGP,2000,19.323184967041000
Singapore,SGP,2005,20.801313400268600
Singapore,SGP,2010,20.609460830688500
Singapore,SGP,2011,19.34942054748540
Singapore,SGP,2012,20.886493682861300
Singapore,SGP,2013,18.70707130432130
Singapore,SGP,2014,17.408876419067400
Singapore,SGP,2015,20.663389205932600
Singapore,SGP,2016,18.797801971435500
Singapore,SGP,2017,19.078256607055700
Slovakia,SVK,1990,24.95343589782720
Slovakia,SVK,1995,22.81060791015630
Slovakia,SVK,2000,21.7239990234375
Slovakia,SVK,2005,21.94342041015630
Slovakia,SVK,2010,21.69021987915040
Slovakia,SVK,2011,21.76719856262210
Slovakia,SVK,2012,19.76493263244630
Slovakia,SVK,2013,19.315492630004900
Slovakia,SVK,2014,18.304182052612300
Slovakia,SVK,2015,18.80264663696290
Slovakia,SVK,2016,17.353662490844700
Slovakia,SVK,2017,17.562911987304700
Slovenia,SVN,1990,22.271148681640600
Slovenia,SVN,1995,20.88141441345220
Slovenia,SVN,2000,19.13404655456540
Slovenia,SVN,2005,19.422842025756800
Slovenia,SVN,2010,18.681655883789100
Slovenia,SVN,2011,19.514137268066400
Slovenia,SVN,2012,17.67007827758790
Slovenia,SVN,2013,17.571378707885700
Slovenia,SVN,2014,16.632699966430700
Slovenia,SVN,2015,17.12815284729000
Slovenia,SVN,2016,15.912736892700200
Slovenia,SVN,2017,16.02397918701170
Solomon Islands,SLB,1990,13.761735916137700
Solomon Islands,SLB,1995,13.098753929138200
Solomon Islands,SLB,2000,13.866954803466800
Solomon Islands,SLB,2005,14.178723335266100
Solomon Islands,SLB,2010,14.374255180358900
Solomon Islands,SLB,2011,14.375372886657700
Solomon Islands,SLB,2012,13.430245399475100
Solomon Islands,SLB,2013,12.553255081176800
Solomon Islands,SLB,2014,12.172030448913600
Solomon Islands,SLB,2015,12.699695587158200
Solomon Islands,SLB,2016,11.830689430236800
Solomon Islands,SLB,2017,11.879121780395500
Somalia,SOM,1990,31.735984802246100
Somalia,SOM,1995,29.901111602783200
Somalia,SOM,2000,31.385990142822300
Somalia,SOM,2005,29.721803665161100
Somalia,SOM,2010,29.000185012817400
Somalia,SOM,2011,31.23015594482420
Somalia,SOM,2012,31.58710479736330
Somalia,SOM,2013,29.551572799682600
Somalia,SOM,2014,30.401081085205100
Somalia,SOM,2015,32.01839065551760
Somalia,SOM,2016,31.751745223999000
Somalia,SOM,2017,32.034584045410200
South Africa,ZAF,1990,26.120203018188500
South Africa,ZAF,1995,26.28537368774410
South Africa,ZAF,2000,26.673799514770500
South Africa,ZAF,2005,26.322877883911100
South Africa,ZAF,2010,27.138586044311500
South Africa,ZAF,2011,26.557872772216800
South Africa,ZAF,2012,26.57708740234380
South Africa,ZAF,2013,26.72926139831540
South Africa,ZAF,2014,26.722211837768600
South Africa,ZAF,2015,26.112972259521500
South Africa,ZAF,2016,25.14041519165040
South Africa,ZAF,2017,25.102205276489300
South Asia,,1990,76.6194076538086
South Asia,,1995,77.85356903076170
South Asia,,2000,78.90750122070310
South Asia,,2005,84.3309097290039
South Asia,,2010,89.16764831542970
South Asia,,2011,90.5694808959961
South Asia,,2012,82.73168182373050
South Asia,,2013,84.69029998779300
South Asia,,2014,83.06719970703130
South Asia,,2015,82.7248764038086
South Asia,,2016,81.9811019897461
South Asia,,2017,82.86934661865230
South Korea,KOR,1990,29.331022262573200
South Korea,KOR,1995,29.520631790161100
South Korea,KOR,2000,29.76546859741210
South Korea,KOR,2005,30.406904220581100
South Korea,KOR,2010,29.80200958251950
South Korea,KOR,2011,29.681194305419900
South Korea,KOR,2012,27.915952682495100
South Korea,KOR,2013,29.461917877197300
South Korea,KOR,2014,27.213109970092800
South Korea,KOR,2015,28.214242935180700
South Korea,KOR,2016,25.098541259765600
South Korea,KOR,2017,25.039424896240200
South Sudan,SSD,1990,46.23936080932620
South Sudan,SSD,1995,45.37858200073240
South Sudan,SSD,2000,44.10158920288090
South Sudan,SSD,2005,44.39170455932620
South Sudan,SSD,2010,43.225341796875
South Sudan,SSD,2011,45.101470947265600
South Sudan,SSD,2012,43.97406005859380
South Sudan,SSD,2013,42.64200210571290
South Sudan,SSD,2014,41.90055847167970
South Sudan,SSD,2015,47.76803207397460
South Sudan,SSD,2016,44.84657287597660
South Sudan,SSD,2017,45.57750701904300
Spain,ESP,1990,12.211322784423800
Spain,ESP,1995,11.945395469665500
Spain,ESP,2000,11.774209022522000
Spain,ESP,2005,11.569025039672900
Spain,ESP,2010,11.349328994751000
Spain,ESP,2011,12.03799819946290
Spain,ESP,2012,11.149622917175300
Spain,ESP,2013,10.742582321167000
Spain,ESP,2014,10.074588775634800
Spain,ESP,2015,10.449102401733400
Spain,ESP,2016,9.70413875579834
Spain,ESP,2017,9.697927474975590
Sri Lanka,LKA,1990,29.768503189086900
Sri Lanka,LKA,1995,30.186073303222700
Sri Lanka,LKA,2000,30.855762481689500
Sri Lanka,LKA,2005,30.956735610961900
Sri Lanka,LKA,2010,31.033781051635700
Sri Lanka,LKA,2011,31.232074737548800
Sri Lanka,LKA,2012,30.083972930908200
Sri Lanka,LKA,2013,28.89822769165040
Sri Lanka,LKA,2014,26.92277717590330
Sri Lanka,LKA,2015,25.337343215942400
Sri Lanka,LKA,2016,14.025444984436000
Sri Lanka,LKA,2017,11.099617004394500
Sub-Saharan Africa,,1990,44.018917083740200
Sub-Saharan Africa,,1995,43.113861083984400
Sub-Saharan Africa,,2000,42.7870979309082
Sub-Saharan Africa,,2005,39.82891845703130
Sub-Saharan Africa,,2010,38.2126350402832
Sub-Saharan Africa,,2011,38.3612174987793
Sub-Saharan Africa,,2012,39.829811096191400
Sub-Saharan Africa,,2013,37.91720962524410
Sub-Saharan Africa,,2014,37.23258590698240
Sub-Saharan Africa,,2015,45.67066955566410
Sub-Saharan Africa,,2016,44.368473052978500
Sub-Saharan Africa,,2017,44.61314392089840
Sudan,SDN,1990,51.14362716674810
Sudan,SDN,1995,52.38815689086910
Sudan,SDN,2000,49.428077697753900
Sudan,SDN,2005,50.17543029785160
Sudan,SDN,2010,47.262054443359400
Sudan,SDN,2011,51.152427673339800
Sudan,SDN,2012,49.68593978881840
Sudan,SDN,2013,48.02814483642580
Sudan,SDN,2014,48.14174270629880
Sudan,SDN,2015,58.90478515625
Sudan,SDN,2016,54.14727783203130
Sudan,SDN,2017,55.37083435058590
Suriname,SUR,1990,29.993099212646500
Suriname,SUR,1995,30.04112434387210
Suriname,SUR,2000,29.02589225769040
Suriname,SUR,2005,29.975704193115200
Suriname,SUR,2010,29.83188819885250
Suriname,SUR,2011,31.038721084594700
Suriname,SUR,2012,29.133609771728500
Suriname,SUR,2013,28.808317184448200
Suriname,SUR,2014,25.99884796142580
Suriname,SUR,2015,25.973283767700200
Suriname,SUR,2016,25.316978454589800
Suriname,SUR,2017,24.780010223388700
Sweden,SWE,1990,7.9475321769714400
Sweden,SWE,1995,7.575328350067140
Sweden,SWE,2000,7.578009128570560
Sweden,SWE,2005,7.165820121765140
Sweden,SWE,2010,7.20975923538208
Sweden,SWE,2011,7.391221523284910
Sweden,SWE,2012,6.627942085266110
Sweden,SWE,2013,6.431169033050540
Sweden,SWE,2014,6.959197521209720
Sweden,SWE,2015,6.322498321533200
Sweden,SWE,2016,6.114258289337160
Sweden,SWE,2017,6.184665203094480
Switzerland,CHE,1990,14.228372573852500
Switzerland,CHE,1995,13.370560646057100
Switzerland,CHE,2000,12.690764427185100
Switzerland,CHE,2005,12.86181640625
Switzerland,CHE,2010,12.922219276428200
Switzerland,CHE,2011,13.04922103881840
Switzerland,CHE,2012,12.261387825012200
Switzerland,CHE,2013,11.82005500793460
Switzerland,CHE,2014,11.389106750488300
Switzerland,CHE,2015,11.165254592895500
Switzerland,CHE,2016,10.342630386352500
Switzerland,CHE,2017,10.303099632263200
Syria,SYR,1990,46.71794509887700
Syria,SYR,1995,44.62346649169920
Syria,SYR,2000,41.556304931640600
Syria,SYR,2005,39.941749572753900
Syria,SYR,2010,42.657684326171900
Syria,SYR,2011,41.12495422363280
Syria,SYR,2012,41.01683807373050
Syria,SYR,2013,41.91496658325200
Syria,SYR,2014,41.534481048584000
Syria,SYR,2015,44.313907623291000
Syria,SYR,2016,43.702552795410200
Syria,SYR,2017,43.757259368896500
Tajikistan,TJK,1990,50.98789978027340
Tajikistan,TJK,1995,51.60683059692380
Tajikistan,TJK,2000,51.18266296386720
Tajikistan,TJK,2005,49.339351654052700
Tajikistan,TJK,2010,50.405418395996100
Tajikistan,TJK,2011,54.31996154785160
Tajikistan,TJK,2012,48.98960494995120
Tajikistan,TJK,2013,49.553138732910200
Tajikistan,TJK,2014,46.48082733154300
Tajikistan,TJK,2015,47.792972564697300
Tajikistan,TJK,2016,43.377708435058600
Tajikistan,TJK,2017,46.152183532714800
Tanzania,TZA,1990,29.86164665222170
Tanzania,TZA,1995,28.80842399597170
Tanzania,TZA,2000,28.973697662353500
Tanzania,TZA,2005,29.573835372924800
Tanzania,TZA,2010,28.607532501220700
Tanzania,TZA,2011,28.728769302368200
Tanzania,TZA,2012,29.969844818115200
Tanzania,TZA,2013,29.35963249206540
Tanzania,TZA,2014,28.873716354370100
Tanzania,TZA,2015,28.240447998046900
Tanzania,TZA,2016,28.44356918334960
Tanzania,TZA,2017,29.076641082763700
Thailand,THA,1990,30.831621170043900
Thailand,THA,1995,30.939716339111300
Thailand,THA,2000,30.960351943969700
Thailand,THA,2005,31.80703353881840
Thailand,THA,2010,31.565399169921900
Thailand,THA,2011,31.609628677368200
Thailand,THA,2012,31.525314331054700
Thailand,THA,2013,31.174724578857400
Thailand,THA,2014,29.364641189575200
Thailand,THA,2015,27.344566345214800
Thailand,THA,2016,26.258054733276400
Thailand,THA,2017,26.25672721862790
Timor,TLS,1990,23.05657958984380
Timor,TLS,1995,23.255992889404300
Timor,TLS,2000,23.501296997070300
Timor,TLS,2005,23.25316047668460
Timor,TLS,2010,23.492395401001000
Timor,TLS,2011,23.7567195892334
Timor,TLS,2012,22.466623306274400
Timor,TLS,2013,21.964622497558600
Timor,TLS,2014,20.45009994506840
Timor,TLS,2015,20.623186111450200
Timor,TLS,2016,20.017902374267600
Timor,TLS,2017,19.25720977783200
Togo,TGO,1990,38.11479187011720
Togo,TGO,1995,37.7016487121582
Togo,TGO,2000,37.685855865478500
Togo,TGO,2005,31.39154624938970
Togo,TGO,2010,30.522945404052700
Togo,TGO,2011,30.854806900024400
Togo,TGO,2012,31.36920928955080
Togo,TGO,2013,29.565927505493200
Togo,TGO,2014,28.936290740966800
Togo,TGO,2015,38.35681915283200
Togo,TGO,2016,37.05110549926760
Togo,TGO,2017,35.7313346862793
Tonga,TON,1990,13.16782283782960
Tonga,TON,1995,13.30625057220460
Tonga,TON,2000,12.798571586608900
Tonga,TON,2005,13.179139137268100
Tonga,TON,2010,13.53194808959960
Tonga,TON,2011,13.517087936401400
Tonga,TON,2012,12.43817138671880
Tonga,TON,2013,12.147713661193800
Tonga,TON,2014,12.057640075683600
Tonga,TON,2015,11.312968254089400
Tonga,TON,2016,10.951423645019500
Tonga,TON,2017,10.785478591918900
Trinidad and Tobago,TTO,1990,28.87598991394040
Trinidad and Tobago,TTO,1995,29.460783004760700
Trinidad and Tobago,TTO,2000,28.7940616607666
Trinidad and Tobago,TTO,2005,29.525936126709000
Trinidad and Tobago,TTO,2010,28.704185485839800
Trinidad and Tobago,TTO,2011,29.851625442504900
Trinidad and Tobago,TTO,2012,27.9425048828125
Trinidad and Tobago,TTO,2013,27.15873908996580
Trinidad and Tobago,TTO,2014,24.85584259033200
Trinidad and Tobago,TTO,2015,24.8980770111084
Trinidad and Tobago,TTO,2016,24.230480194091800
Trinidad and Tobago,TTO,2017,24.10856819152830
Tunisia,TUN,1990,35.94963455200200
Tunisia,TUN,1995,35.940879821777300
Tunisia,TUN,2000,35.6025276184082
Tunisia,TUN,2005,33.55744934082030
Tunisia,TUN,2010,35.54549026489260
Tunisia,TUN,2011,33.868350982666000
Tunisia,TUN,2012,32.8158073425293
Tunisia,TUN,2013,35.654144287109400
Tunisia,TUN,2014,34.69205856323240
Tunisia,TUN,2015,36.30424880981450
Tunisia,TUN,2016,38.45048904418950
Tunisia,TUN,2017,37.6559944152832
Turkey,TUR,1990,42.59882354736330
Turkey,TUR,1995,41.97206115722660
Turkey,TUR,2000,42.69252395629880
Turkey,TUR,2005,41.2020149230957
Turkey,TUR,2010,43.82122802734380
Turkey,TUR,2011,40.545108795166000
Turkey,TUR,2012,41.92091751098630
Turkey,TUR,2013,42.062583923339800
Turkey,TUR,2014,42.59577178955080
Turkey,TUR,2015,45.401554107666000
Turkey,TUR,2016,44.482757568359400
Turkey,TUR,2017,44.311527252197300
Turkmenistan,TKM,1990,25.30134391784670
Turkmenistan,TKM,1995,25.370969772338900
Turkmenistan,TKM,2000,25.471555709838900
Turkmenistan,TKM,2005,23.85405731201170
Turkmenistan,TKM,2010,24.851829528808600
Turkmenistan,TKM,2011,25.4960994720459
Turkmenistan,TKM,2012,23.80200958251950
Turkmenistan,TKM,2013,23.72188949584960
Turkmenistan,TKM,2014,22.08490753173830
Turkmenistan,TKM,2015,22.970539093017600
Turkmenistan,TKM,2016,21.74112319946290
Turkmenistan,TKM,2017,21.76772117614750
Uganda,UGA,1990,47.874839782714800
Uganda,UGA,1995,48.34343719482420
Uganda,UGA,2000,46.028907775878900
Uganda,UGA,2005,45.9461669921875
Uganda,UGA,2010,44.758697509765600
Uganda,UGA,2011,47.0611686706543
Uganda,UGA,2012,49.62672805786130
Uganda,UGA,2013,47.72115707397460
Uganda,UGA,2014,46.93056869506840
Uganda,UGA,2015,48.94935989379880
Uganda,UGA,2016,51.94410705566410
Uganda,UGA,2017,50.494319915771500
Ukraine,UKR,1990,28.309547424316400
Ukraine,UKR,1995,25.88673210144040
Ukraine,UKR,2000,24.157913208007800
Ukraine,UKR,2005,23.922204971313500
Ukraine,UKR,2010,23.52265739440920
Ukraine,UKR,2011,23.97110366821290
Ukraine,UKR,2012,22.328792572021500
Ukraine,UKR,2013,21.532400131225600
Ukraine,UKR,2014,20.486894607543900
Ukraine,UKR,2015,21.2464542388916
Ukraine,UKR,2016,20.618186950683600
Ukraine,UKR,2017,20.309776306152300
United Arab Emirates,ARE,1990,39.82462692260740
United Arab Emirates,ARE,1995,39.77842712402340
United Arab Emirates,ARE,2000,39.69879913330080
United Arab Emirates,ARE,2005,38.98906326293950
United Arab Emirates,ARE,2010,38.98006820678710
United Arab Emirates,ARE,2011,39.19343185424810
United Arab Emirates,ARE,2012,39.27712631225590
United Arab Emirates,ARE,2013,39.608154296875
United Arab Emirates,ARE,2014,37.983421325683600
United Arab Emirates,ARE,2015,42.334991455078100
United Arab Emirates,ARE,2016,40.52210235595700
United Arab Emirates,ARE,2017,40.917510986328100
United Kingdom,GBR,1990,13.508186340332000
United Kingdom,GBR,1995,13.005444526672400
United Kingdom,GBR,2000,12.618228912353500
United Kingdom,GBR,2005,12.537897109985400
United Kingdom,GBR,2010,12.299108505249000
United Kingdom,GBR,2011,12.84799861907960
United Kingdom,GBR,2012,11.814495086669900
United Kingdom,GBR,2013,11.618901252746600
United Kingdom,GBR,2014,10.800559997558600
United Kingdom,GBR,2015,10.754873275756800
United Kingdom,GBR,2016,10.504667282104500
United Kingdom,GBR,2017,10.47269058227540
United States,USA,1990,9.701666831970220
United States,USA,1995,9.566391944885250
United States,USA,2000,9.525137901306150
United States,USA,2005,9.609824180603030
United States,USA,2010,9.358636856079100
United States,USA,2011,9.740640640258790
United States,USA,2012,9.00316333770752
United States,USA,2013,8.734777450561520
United States,USA,2014,8.220720291137700
United States,USA,2015,8.063920021057130
United States,USA,2016,7.406464099884030
United States,USA,2017,7.4094414710998500
United States Virgin Islands,VIR,1990,10.2992525100708
United States Virgin Islands,VIR,1995,10.295467376709000
United States Virgin Islands,VIR,2000,12.85075569152830
United States Virgin Islands,VIR,2005,12.760080337524400
United States Virgin Islands,VIR,2010,12.752099990844700
United States Virgin Islands,VIR,2011,12.993738174438500
United States Virgin Islands,VIR,2012,12.233122825622600
United States Virgin Islands,VIR,2013,11.955513000488300
United States Virgin Islands,VIR,2014,11.165816307067900
United States Virgin Islands,VIR,2015,11.02889633178710
United States Virgin Islands,VIR,2016,10.264842987060500
United States Virgin Islands,VIR,2017,10.265312194824200
Upper middle income,,1990,43.6259880065918
Upper middle income,,1995,44.05805206298830
Upper middle income,,2000,45.366851806640600
Upper middle income,,2005,48.4749641418457
Upper middle income,,2010,50.41101837158200
Upper middle income,,2011,50.92295837402340
Upper middle income,,2012,46.803409576416000
Upper middle income,,2013,47.489383697509800
Upper middle income,,2014,43.67171096801760
Upper middle income,,2015,43.36198043823240
Upper middle income,,2016,39.01467514038090
Upper middle income,,2017,39.23002243041990
Uruguay,URY,1990,10.870699882507300
Uruguay,URY,1995,10.743856430053700
Uruguay,URY,2000,11.367082595825200
Uruguay,URY,2005,10.918424606323200
Uruguay,URY,2010,11.027055740356400
Uruguay,URY,2011,11.468731880188000
Uruguay,URY,2012,10.567294120788600
Uruguay,URY,2013,10.455605506897000
Uruguay,URY,2014,9.9268159866333
Uruguay,URY,2015,9.659454345703130
Uruguay,URY,2016,9.197441101074220
Uruguay,URY,2017,9.274883270263670
Uzbekistan,UZB,1990,35.9025764465332
Uzbekistan,UZB,1995,34.7875862121582
Uzbekistan,UZB,2000,31.93634605407720
Uzbekistan,UZB,2005,31.53029441833500
Uzbekistan,UZB,2010,32.07745361328130
Uzbekistan,UZB,2011,33.99383544921880
Uzbekistan,UZB,2012,31.662105560302700
Uzbekistan,UZB,2013,30.805192947387700
Uzbekistan,UZB,2014,28.900035858154300
Uzbekistan,UZB,2015,30.394330978393600
Uzbekistan,UZB,2016,27.814346313476600
Uzbekistan,UZB,2017,28.455902099609400
Vanuatu,VUT,1990,13.670550346374500
Vanuatu,VUT,1995,13.52147388458250
Vanuatu,VUT,2000,14.066546440124500
Vanuatu,VUT,2005,14.189769744873000
Vanuatu,VUT,2010,14.129512786865200
Vanuatu,VUT,2011,14.382964134216300
Vanuatu,VUT,2012,13.242452621460000
Vanuatu,VUT,2013,12.740693092346200
Vanuatu,VUT,2014,11.93385124206540
Vanuatu,VUT,2015,12.157210350036600
Vanuatu,VUT,2016,11.590909004211400
Vanuatu,VUT,2017,11.652776718139600
Venezuela,VEN,1990,21.4571590423584
Venezuela,VEN,1995,21.270963668823200
Venezuela,VEN,2000,21.61028289794920
Venezuela,VEN,2005,22.369260787963900
Venezuela,VEN,2010,21.68286895751950
Venezuela,VEN,2011,22.03310775756840
Venezuela,VEN,2012,21.2457275390625
Venezuela,VEN,2013,20.4289493560791
Venezuela,VEN,2014,19.104061126709000
Venezuela,VEN,2015,18.30300521850590
Venezuela,VEN,2016,16.767993927002000
Venezuela,VEN,2017,17.008554458618200
Vietnam,VNM,1990,35.9284782409668
Vietnam,VNM,1995,36.01681137084960
Vietnam,VNM,2000,36.23884582519530
Vietnam,VNM,2005,37.74959182739260
Vietnam,VNM,2010,39.36539840698240
Vietnam,VNM,2011,38.486976623535200
Vietnam,VNM,2012,37.22745132446290
Vietnam,VNM,2013,36.835906982421900
Vietnam,VNM,2014,34.89601516723630
Vietnam,VNM,2015,32.4664421081543
Vietnam,VNM,2016,30.24131202697750
Vietnam,VNM,2017,29.626728057861300
World,OWID_WRL,1990,44.26161575317380
World,OWID_WRL,1995,44.881874084472700
World,OWID_WRL,2000,45.93539810180660
World,OWID_WRL,2005,48.36383056640630
World,OWID_WRL,2010,50.25201416015630
World,OWID_WRL,2011,50.77349090576170
World,OWID_WRL,2012,47.54097366333010
World,OWID_WRL,2013,47.9619255065918
World,OWID_WRL,2014,45.958335876464800
World,OWID_WRL,2015,47.24492645263670
World,OWID_WRL,2016,45.165184020996100
World,OWID_WRL,2017,45.538047790527300
Yemen,YEM,1990,48.86372756958010
Yemen,YEM,1995,50.02771759033200
Yemen,YEM,2000,50.8679313659668
Yemen,YEM,2005,45.144805908203100
Yemen,YEM,2010,45.979469299316400
Yemen,YEM,2011,50.835289001464800
Yemen,YEM,2012,51.43445587158200
Yemen,YEM,2013,52.998443603515600
Yemen,YEM,2014,48.338653564453100
Yemen,YEM,2015,54.26028823852540
Yemen,YEM,2016,50.12762451171880
Yemen,YEM,2017,50.45600509643560
Zambia,ZMB,1990,32.76484680175780
Zambia,ZMB,1995,30.908466339111300
Zambia,ZMB,2000,30.898204803466800
Zambia,ZMB,2005,28.94705581665040
Zambia,ZMB,2010,28.83637809753420
Zambia,ZMB,2011,28.98711585998540
Zambia,ZMB,2012,29.74203872680660
Zambia,ZMB,2013,29.112220764160200
Zambia,ZMB,2014,28.49325180053710
Zambia,ZMB,2015,28.375452041626000
Zambia,ZMB,2016,27.35567283630370
Zambia,ZMB,2017,27.438034057617200
Zimbabwe,ZWE,1990,23.319908142089800
Zimbabwe,ZWE,1995,22.726268768310500
Zimbabwe,ZWE,2000,23.126373291015600
Zimbabwe,ZWE,2005,23.314741134643600
Zimbabwe,ZWE,2010,23.23147964477540
Zimbabwe,ZWE,2011,23.0742130279541
Zimbabwe,ZWE,2012,23.198097229003900
Zimbabwe,ZWE,2013,23.111087799072300
Zimbabwe,ZWE,2014,22.805950164794900
Zimbabwe,ZWE,2015,21.73370933532720
Zimbabwe,ZWE,2016,21.726947784423800
Zimbabwe,ZWE,2017,22.251670837402300